rubro,provincia,value,datetime
Productos primarios,Buenos Aires,2116.442,1/1/2005 0:00:00
Productos primarios,Capital Federal,0,1/1/2005 0:00:00
Productos primarios,Córdoba,1411.687,1/1/2005 0:00:00
Productos primarios,Entre Ríos,485.317,1/1/2005 0:00:00
Productos primarios,La Pampa,187.538,1/1/2005 0:00:00
Productos primarios,Santa Fe,1028.697,1/1/2005 0:00:00
Productos primarios,Chubut,177.371,1/1/2005 0:00:00
Productos primarios,Neuquén,38.08,1/1/2005 0:00:00
Productos primarios,Río Negro,251.661,1/1/2005 0:00:00
Productos primarios,Santa Cruz,151.134,1/1/2005 0:00:00
Productos primarios,Tierra del Fuego,34.189,1/1/2005 0:00:00
Productos primarios,Catamarca,1003.273,1/1/2005 0:00:00
Productos primarios,Jujuy,94.167,1/1/2005 0:00:00
Productos primarios,La Rioja,0.85,1/1/2005 0:00:00
Productos primarios,Salta,237.896,1/1/2005 0:00:00
Productos primarios,Santiago del Estero,79.175,1/1/2005 0:00:00
Productos primarios,Tucumán,226.928,1/1/2005 0:00:00
Productos primarios,Mendoza,170.178,1/1/2005 0:00:00
Productos primarios,San Juan,71.449,1/1/2005 0:00:00
Productos primarios,San Luis,30.043,1/1/2005 0:00:00
Productos primarios,Chaco,103.139,1/1/2005 0:00:00
Productos primarios,Corrientes,63.748,1/1/2005 0:00:00
Productos primarios,Formosa,5.999,1/1/2005 0:00:00
Productos primarios,Misiones,75.814,1/1/2005 0:00:00
Manufacturas de origen agropecuario,Buenos Aires,3244.813,1/1/2005 0:00:00
Manufacturas de origen agropecuario,Capital Federal,85.375,1/1/2005 0:00:00
Manufacturas de origen agropecuario,Córdoba,2154.224,1/1/2005 0:00:00
Manufacturas de origen agropecuario,Entre Ríos,255.773,1/1/2005 0:00:00
Manufacturas de origen agropecuario,La Pampa,23.523,1/1/2005 0:00:00
Manufacturas de origen agropecuario,Santa Fe,5512.243,1/1/2005 0:00:00
Manufacturas de origen agropecuario,Chubut,191.093,1/1/2005 0:00:00
Manufacturas de origen agropecuario,Neuquén,31.978,1/1/2005 0:00:00
Manufacturas de origen agropecuario,Río Negro,49.419,1/1/2005 0:00:00
Manufacturas de origen agropecuario,Santa Cruz,47.633,1/1/2005 0:00:00
Manufacturas de origen agropecuario,Tierra del Fuego,43.424,1/1/2005 0:00:00
Manufacturas de origen agropecuario,Catamarca,15.517,1/1/2005 0:00:00
Manufacturas de origen agropecuario,Jujuy,77.108,1/1/2005 0:00:00
Manufacturas de origen agropecuario,La Rioja,122.531,1/1/2005 0:00:00
Manufacturas de origen agropecuario,Salta,64.031,1/1/2005 0:00:00
Manufacturas de origen agropecuario,Santiago del Estero,0.635,1/1/2005 0:00:00
Manufacturas de origen agropecuario,Tucumán,125.611,1/1/2005 0:00:00
Manufacturas de origen agropecuario,Mendoza,487.962,1/1/2005 0:00:00
Manufacturas de origen agropecuario,San Juan,122.381,1/1/2005 0:00:00
Manufacturas de origen agropecuario,San Luis,140.823,1/1/2005 0:00:00
Manufacturas de origen agropecuario,Chaco,40.908,1/1/2005 0:00:00
Manufacturas de origen agropecuario,Corrientes,26.393,1/1/2005 0:00:00
Manufacturas de origen agropecuario,Formosa,3.459,1/1/2005 0:00:00
Manufacturas de origen agropecuario,Misiones,190.37,1/1/2005 0:00:00
Manufacturas de origen industrial,Buenos Aires,7787.398,1/1/2005 0:00:00
Manufacturas de origen industrial,Capital Federal,185.824,1/1/2005 0:00:00
Manufacturas de origen industrial,Córdoba,886.243,1/1/2005 0:00:00
Manufacturas de origen industrial,Entre Ríos,74.234,1/1/2005 0:00:00
Manufacturas de origen industrial,La Pampa,8.479,1/1/2005 0:00:00
Manufacturas de origen industrial,Santa Fe,964.291,1/1/2005 0:00:00
Manufacturas de origen industrial,Chubut,415.605,1/1/2005 0:00:00
Manufacturas de origen industrial,Neuquén,10.878,1/1/2005 0:00:00
Manufacturas de origen industrial,Río Negro,49.904,1/1/2005 0:00:00
Manufacturas de origen industrial,Santa Cruz,117.171,1/1/2005 0:00:00
Manufacturas de origen industrial,Tierra del Fuego,23.547,1/1/2005 0:00:00
Manufacturas de origen industrial,Catamarca,48.045,1/1/2005 0:00:00
Manufacturas de origen industrial,Jujuy,34.622,1/1/2005 0:00:00
Manufacturas de origen industrial,La Rioja,51.481,1/1/2005 0:00:00
Manufacturas de origen industrial,Salta,69.48,1/1/2005 0:00:00
Manufacturas de origen industrial,Santiago del Estero,21.981,1/1/2005 0:00:00
Manufacturas de origen industrial,Tucumán,207.278,1/1/2005 0:00:00
Manufacturas de origen industrial,Mendoza,136.536,1/1/2005 0:00:00
Manufacturas de origen industrial,San Juan,89.635,1/1/2005 0:00:00
Manufacturas de origen industrial,San Luis,204.065,1/1/2005 0:00:00
Manufacturas de origen industrial,Chaco,7.523,1/1/2005 0:00:00
Manufacturas de origen industrial,Corrientes,9.822,1/1/2005 0:00:00
Manufacturas de origen industrial,Formosa,0.986,1/1/2005 0:00:00
Manufacturas de origen industrial,Misiones,116.389,1/1/2005 0:00:00
Combustibles y energía,Buenos Aires,2478.212,1/1/2005 0:00:00
Combustibles y energía,Capital Federal,0,1/1/2005 0:00:00
Combustibles y energía,Córdoba,0,1/1/2005 0:00:00
Combustibles y energía,Entre Ríos,0,1/1/2005 0:00:00
Combustibles y energía,La Pampa,23.334,1/1/2005 0:00:00
Combustibles y energía,Santa Fe,215.2,1/1/2005 0:00:00
Combustibles y energía,Chubut,1254.52,1/1/2005 0:00:00
Combustibles y energía,Neuquén,819.647,1/1/2005 0:00:00
Combustibles y energía,Río Negro,64.92,1/1/2005 0:00:00
Combustibles y energía,Santa Cruz,542.424,1/1/2005 0:00:00
Combustibles y energía,Tierra del Fuego,311.986,1/1/2005 0:00:00
Combustibles y energía,Catamarca,0,1/1/2005 0:00:00
Combustibles y energía,Jujuy,0,1/1/2005 0:00:00
Combustibles y energía,La Rioja,0,1/1/2005 0:00:00
Combustibles y energía,Salta,438.168,1/1/2005 0:00:00
Combustibles y energía,Santiago del Estero,0,1/1/2005 0:00:00
Combustibles y energía,Tucumán,1.069,1/1/2005 0:00:00
Combustibles y energía,Mendoza,247.004,1/1/2005 0:00:00
Combustibles y energía,San Juan,0.851,1/1/2005 0:00:00
Combustibles y energía,San Luis,0,1/1/2005 0:00:00
Combustibles y energía,Chaco,0,1/1/2005 0:00:00
Combustibles y energía,Corrientes,0,1/1/2005 0:00:00
Combustibles y energía,Formosa,22.832,1/1/2005 0:00:00
Combustibles y energía,Misiones,0,1/1/2005 0:00:00
Productos primarios,Buenos Aires,2088.056,1/1/2006 0:00:00
Productos primarios,Capital Federal,0,1/1/2006 0:00:00
Productos primarios,Córdoba,1286.791,1/1/2006 0:00:00
Productos primarios,Entre Ríos,449.329,1/1/2006 0:00:00
Productos primarios,La Pampa,116.589,1/1/2006 0:00:00
Productos primarios,Santa Fe,904.872,1/1/2006 0:00:00
Productos primarios,Chubut,285.257,1/1/2006 0:00:00
Productos primarios,Neuquén,40.081,1/1/2006 0:00:00
Productos primarios,Río Negro,244.231,1/1/2006 0:00:00
Productos primarios,Santa Cruz,348.51,1/1/2006 0:00:00
Productos primarios,Tierra del Fuego,54.073,1/1/2006 0:00:00
Productos primarios,Catamarca,1344.708,1/1/2006 0:00:00
Productos primarios,Jujuy,125.389,1/1/2006 0:00:00
Productos primarios,La Rioja,2.025,1/1/2006 0:00:00
Productos primarios,Salta,267.649,1/1/2006 0:00:00
Productos primarios,Santiago del Estero,138.412,1/1/2006 0:00:00
Productos primarios,Tucumán,220.57,1/1/2006 0:00:00
Productos primarios,Mendoza,186.287,1/1/2006 0:00:00
Productos primarios,San Juan,98.784,1/1/2006 0:00:00
Productos primarios,San Luis,19.697,1/1/2006 0:00:00
Productos primarios,Chaco,131.847,1/1/2006 0:00:00
Productos primarios,Corrientes,90.666,1/1/2006 0:00:00
Productos primarios,Formosa,6.46,1/1/2006 0:00:00
Productos primarios,Misiones,73.175,1/1/2006 0:00:00
Manufacturas de origen agropecuario,Buenos Aires,3518.358,1/1/2006 0:00:00
Manufacturas de origen agropecuario,Capital Federal,104.925,1/1/2006 0:00:00
Manufacturas de origen agropecuario,Córdoba,2397.681,1/1/2006 0:00:00
Manufacturas de origen agropecuario,Entre Ríos,280.66,1/1/2006 0:00:00
Manufacturas de origen agropecuario,La Pampa,18.085,1/1/2006 0:00:00
Manufacturas de origen agropecuario,Santa Fe,6659.525,1/1/2006 0:00:00
Manufacturas de origen agropecuario,Chubut,210.532,1/1/2006 0:00:00
Manufacturas de origen agropecuario,Neuquén,40.645,1/1/2006 0:00:00
Manufacturas de origen agropecuario,Río Negro,56.327,1/1/2006 0:00:00
Manufacturas de origen agropecuario,Santa Cruz,50.609,1/1/2006 0:00:00
Manufacturas de origen agropecuario,Tierra del Fuego,51.327,1/1/2006 0:00:00
Manufacturas de origen agropecuario,Catamarca,23.272,1/1/2006 0:00:00
Manufacturas de origen agropecuario,Jujuy,112.832,1/1/2006 0:00:00
Manufacturas de origen agropecuario,La Rioja,97.131,1/1/2006 0:00:00
Manufacturas de origen agropecuario,Salta,92.186,1/1/2006 0:00:00
Manufacturas de origen agropecuario,Santiago del Estero,0.941,1/1/2006 0:00:00
Manufacturas de origen agropecuario,Tucumán,192.887,1/1/2006 0:00:00
Manufacturas de origen agropecuario,Mendoza,604.815,1/1/2006 0:00:00
Manufacturas de origen agropecuario,San Juan,133.177,1/1/2006 0:00:00
Manufacturas de origen agropecuario,San Luis,164.521,1/1/2006 0:00:00
Manufacturas de origen agropecuario,Chaco,52.654,1/1/2006 0:00:00
Manufacturas de origen agropecuario,Corrientes,33.885,1/1/2006 0:00:00
Manufacturas de origen agropecuario,Formosa,8.646,1/1/2006 0:00:00
Manufacturas de origen agropecuario,Misiones,215.82,1/1/2006 0:00:00
Manufacturas de origen industrial,Buenos Aires,9368.77,1/1/2006 0:00:00
Manufacturas de origen industrial,Capital Federal,222.024,1/1/2006 0:00:00
Manufacturas de origen industrial,Córdoba,1113.489,1/1/2006 0:00:00
Manufacturas de origen industrial,Entre Ríos,81.263,1/1/2006 0:00:00
Manufacturas de origen industrial,La Pampa,12.229,1/1/2006 0:00:00
Manufacturas de origen industrial,Santa Fe,1096.611,1/1/2006 0:00:00
Manufacturas de origen industrial,Chubut,414.855,1/1/2006 0:00:00
Manufacturas de origen industrial,Neuquén,10.837,1/1/2006 0:00:00
Manufacturas de origen industrial,Río Negro,38.014,1/1/2006 0:00:00
Manufacturas de origen industrial,Santa Cruz,168.532,1/1/2006 0:00:00
Manufacturas de origen industrial,Tierra del Fuego,55.16,1/1/2006 0:00:00
Manufacturas de origen industrial,Catamarca,79.783,1/1/2006 0:00:00
Manufacturas de origen industrial,Jujuy,47.592,1/1/2006 0:00:00
Manufacturas de origen industrial,La Rioja,63.245,1/1/2006 0:00:00
Manufacturas de origen industrial,Salta,77.602,1/1/2006 0:00:00
Manufacturas de origen industrial,Santiago del Estero,19.831,1/1/2006 0:00:00
Manufacturas de origen industrial,Tucumán,235.643,1/1/2006 0:00:00
Manufacturas de origen industrial,Mendoza,138.1,1/1/2006 0:00:00
Manufacturas de origen industrial,San Juan,441.679,1/1/2006 0:00:00
Manufacturas de origen industrial,San Luis,254.431,1/1/2006 0:00:00
Manufacturas de origen industrial,Chaco,7.701,1/1/2006 0:00:00
Manufacturas de origen industrial,Corrientes,7.534,1/1/2006 0:00:00
Manufacturas de origen industrial,Formosa,2.638,1/1/2006 0:00:00
Manufacturas de origen industrial,Misiones,131.962,1/1/2006 0:00:00
Combustibles y energía,Buenos Aires,2853.973,1/1/2006 0:00:00
Combustibles y energía,Capital Federal,0,1/1/2006 0:00:00
Combustibles y energía,Córdoba,1.121,1/1/2006 0:00:00
Combustibles y energía,Entre Ríos,0,1/1/2006 0:00:00
Combustibles y energía,La Pampa,22.377,1/1/2006 0:00:00
Combustibles y energía,Santa Fe,269.918,1/1/2006 0:00:00
Combustibles y energía,Chubut,1203.069,1/1/2006 0:00:00
Combustibles y energía,Neuquén,824.317,1/1/2006 0:00:00
Combustibles y energía,Río Negro,77.45,1/1/2006 0:00:00
Combustibles y energía,Santa Cruz,555.473,1/1/2006 0:00:00
Combustibles y energía,Tierra del Fuego,345.046,1/1/2006 0:00:00
Combustibles y energía,Catamarca,0,1/1/2006 0:00:00
Combustibles y energía,Jujuy,0,1/1/2006 0:00:00
Combustibles y energía,La Rioja,0,1/1/2006 0:00:00
Combustibles y energía,Salta,441.433,1/1/2006 0:00:00
Combustibles y energía,Santiago del Estero,0,1/1/2006 0:00:00
Combustibles y energía,Tucumán,3.657,1/1/2006 0:00:00
Combustibles y energía,Mendoza,247.136,1/1/2006 0:00:00
Combustibles y energía,San Juan,1.36,1/1/2006 0:00:00
Combustibles y energía,San Luis,0,1/1/2006 0:00:00
Combustibles y energía,Chaco,0,1/1/2006 0:00:00
Combustibles y energía,Corrientes,2.507,1/1/2006 0:00:00
Combustibles y energía,Formosa,21.895,1/1/2006 0:00:00
Combustibles y energía,Misiones,0,1/1/2006 0:00:00
Productos primarios,Buenos Aires,3163.333,1/1/2007 0:00:00
Productos primarios,Capital Federal,0,1/1/2007 0:00:00
Productos primarios,Córdoba,2400.682,1/1/2007 0:00:00
Productos primarios,Entre Ríos,773.408,1/1/2007 0:00:00
Productos primarios,La Pampa,183.252,1/1/2007 0:00:00
Productos primarios,Santa Fe,1461.099,1/1/2007 0:00:00
Productos primarios,Chubut,287.78,1/1/2007 0:00:00
Productos primarios,Neuquén,53.425,1/1/2007 0:00:00
Productos primarios,Río Negro,325.6,1/1/2007 0:00:00
Productos primarios,Santa Cruz,256.393,1/1/2007 0:00:00
Productos primarios,Tierra del Fuego,42.881,1/1/2007 0:00:00
Productos primarios,Catamarca,1507.935,1/1/2007 0:00:00
Productos primarios,Jujuy,163.02,1/1/2007 0:00:00
Productos primarios,La Rioja,1.489,1/1/2007 0:00:00
Productos primarios,Salta,415.544,1/1/2007 0:00:00
Productos primarios,Santiago del Estero,246.526,1/1/2007 0:00:00
Productos primarios,Tucumán,317.293,1/1/2007 0:00:00
Productos primarios,Mendoza,235.403,1/1/2007 0:00:00
Productos primarios,San Juan,100.757,1/1/2007 0:00:00
Productos primarios,San Luis,35.222,1/1/2007 0:00:00
Productos primarios,Chaco,220.229,1/1/2007 0:00:00
Productos primarios,Corrientes,89.661,1/1/2007 0:00:00
Productos primarios,Formosa,9.072,1/1/2007 0:00:00
Productos primarios,Misiones,73.063,1/1/2007 0:00:00
Manufacturas de origen agropecuario,Buenos Aires,4053.556,1/1/2007 0:00:00
Manufacturas de origen agropecuario,Capital Federal,144.816,1/1/2007 0:00:00
Manufacturas de origen agropecuario,Córdoba,2902.029,1/1/2007 0:00:00
Manufacturas de origen agropecuario,Entre Ríos,332.498,1/1/2007 0:00:00
Manufacturas de origen agropecuario,La Pampa,24.613,1/1/2007 0:00:00
Manufacturas de origen agropecuario,Santa Fe,9144.249,1/1/2007 0:00:00
Manufacturas de origen agropecuario,Chubut,219.734,1/1/2007 0:00:00
Manufacturas de origen agropecuario,Neuquén,38.588,1/1/2007 0:00:00
Manufacturas de origen agropecuario,Río Negro,78.513,1/1/2007 0:00:00
Manufacturas de origen agropecuario,Santa Cruz,50.758,1/1/2007 0:00:00
Manufacturas de origen agropecuario,Tierra del Fuego,42.22,1/1/2007 0:00:00
Manufacturas de origen agropecuario,Catamarca,26.568,1/1/2007 0:00:00
Manufacturas de origen agropecuario,Jujuy,49.372,1/1/2007 0:00:00
Manufacturas de origen agropecuario,La Rioja,95.481,1/1/2007 0:00:00
Manufacturas de origen agropecuario,Salta,100.721,1/1/2007 0:00:00
Manufacturas de origen agropecuario,Santiago del Estero,0.911,1/1/2007 0:00:00
Manufacturas de origen agropecuario,Tucumán,167.149,1/1/2007 0:00:00
Manufacturas de origen agropecuario,Mendoza,735.45,1/1/2007 0:00:00
Manufacturas de origen agropecuario,San Juan,180.867,1/1/2007 0:00:00
Manufacturas de origen agropecuario,San Luis,180.37,1/1/2007 0:00:00
Manufacturas de origen agropecuario,Chaco,64.138,1/1/2007 0:00:00
Manufacturas de origen agropecuario,Corrientes,27.991,1/1/2007 0:00:00
Manufacturas de origen agropecuario,Formosa,7.403,1/1/2007 0:00:00
Manufacturas de origen agropecuario,Misiones,216.719,1/1/2007 0:00:00
Manufacturas de origen industrial,Buenos Aires,10593.328,1/1/2007 0:00:00
Manufacturas de origen industrial,Capital Federal,215.895,1/1/2007 0:00:00
Manufacturas de origen industrial,Córdoba,1415.47,1/1/2007 0:00:00
Manufacturas de origen industrial,Entre Ríos,87.505,1/1/2007 0:00:00
Manufacturas de origen industrial,La Pampa,5.584,1/1/2007 0:00:00
Manufacturas de origen industrial,Santa Fe,1572.898,1/1/2007 0:00:00
Manufacturas de origen industrial,Chubut,496.501,1/1/2007 0:00:00
Manufacturas de origen industrial,Neuquén,14.43,1/1/2007 0:00:00
Manufacturas de origen industrial,Río Negro,26.508,1/1/2007 0:00:00
Manufacturas de origen industrial,Santa Cruz,172.581,1/1/2007 0:00:00
Manufacturas de origen industrial,Tierra del Fuego,84.172,1/1/2007 0:00:00
Manufacturas de origen industrial,Catamarca,92.292,1/1/2007 0:00:00
Manufacturas de origen industrial,Jujuy,63.931,1/1/2007 0:00:00
Manufacturas de origen industrial,La Rioja,66.81,1/1/2007 0:00:00
Manufacturas de origen industrial,Salta,78.225,1/1/2007 0:00:00
Manufacturas de origen industrial,Santiago del Estero,23.4,1/1/2007 0:00:00
Manufacturas de origen industrial,Tucumán,269.504,1/1/2007 0:00:00
Manufacturas de origen industrial,Mendoza,169.154,1/1/2007 0:00:00
Manufacturas de origen industrial,San Juan,459.033,1/1/2007 0:00:00
Manufacturas de origen industrial,San Luis,291.354,1/1/2007 0:00:00
Manufacturas de origen industrial,Chaco,8.641,1/1/2007 0:00:00
Manufacturas de origen industrial,Corrientes,10.928,1/1/2007 0:00:00
Manufacturas de origen industrial,Formosa,2.286,1/1/2007 0:00:00
Manufacturas de origen industrial,Misiones,144.356,1/1/2007 0:00:00
Combustibles y energía,Buenos Aires,2957.669,1/1/2007 0:00:00
Combustibles y energía,Capital Federal,0,1/1/2007 0:00:00
Combustibles y energía,Córdoba,0.91,1/1/2007 0:00:00
Combustibles y energía,Entre Ríos,47.108,1/1/2007 0:00:00
Combustibles y energía,La Pampa,12.053,1/1/2007 0:00:00
Combustibles y energía,Santa Fe,388.97,1/1/2007 0:00:00
Combustibles y energía,Chubut,648.051,1/1/2007 0:00:00
Combustibles y energía,Neuquén,578.794,1/1/2007 0:00:00
Combustibles y energía,Río Negro,51.473,1/1/2007 0:00:00
Combustibles y energía,Santa Cruz,318.3,1/1/2007 0:00:00
Combustibles y energía,Tierra del Fuego,286.859,1/1/2007 0:00:00
Combustibles y energía,Catamarca,0,1/1/2007 0:00:00
Combustibles y energía,Jujuy,0,1/1/2007 0:00:00
Combustibles y energía,La Rioja,0,1/1/2007 0:00:00
Combustibles y energía,Salta,452.533,1/1/2007 0:00:00
Combustibles y energía,Santiago del Estero,0,1/1/2007 0:00:00
Combustibles y energía,Tucumán,2.989,1/1/2007 0:00:00
Combustibles y energía,Mendoza,206.891,1/1/2007 0:00:00
Combustibles y energía,San Juan,1.456,1/1/2007 0:00:00
Combustibles y energía,San Luis,0,1/1/2007 0:00:00
Combustibles y energía,Chaco,0,1/1/2007 0:00:00
Combustibles y energía,Corrientes,8.374,1/1/2007 0:00:00
Combustibles y energía,Formosa,11.794,1/1/2007 0:00:00
Combustibles y energía,Misiones,0,1/1/2007 0:00:00
Productos primarios,Buenos Aires,4215.471,1/1/2008 0:00:00
Productos primarios,Capital Federal,0,1/1/2008 0:00:00
Productos primarios,Córdoba,3516.417,1/1/2008 0:00:00
Productos primarios,Entre Ríos,938.626,1/1/2008 0:00:00
Productos primarios,La Pampa,336.005,1/1/2008 0:00:00
Productos primarios,Santa Fe,2085.286,1/1/2008 0:00:00
Productos primarios,Chubut,309.956,1/1/2008 0:00:00
Productos primarios,Neuquén,69.313,1/1/2008 0:00:00
Productos primarios,Río Negro,389.03,1/1/2008 0:00:00
Productos primarios,Santa Cruz,393.035,1/1/2008 0:00:00
Productos primarios,Tierra del Fuego,50.388,1/1/2008 0:00:00
Productos primarios,Catamarca,1137.4,1/1/2008 0:00:00
Productos primarios,Jujuy,180.342,1/1/2008 0:00:00
Productos primarios,La Rioja,1.618,1/1/2008 0:00:00
Productos primarios,Salta,608.382,1/1/2008 0:00:00
Productos primarios,Santiago del Estero,273.467,1/1/2008 0:00:00
Productos primarios,Tucumán,518.335,1/1/2008 0:00:00
Productos primarios,Mendoza,247.863,1/1/2008 0:00:00
Productos primarios,San Juan,126.108,1/1/2008 0:00:00
Productos primarios,San Luis,82.302,1/1/2008 0:00:00
Productos primarios,Chaco,317.202,1/1/2008 0:00:00
Productos primarios,Corrientes,141.101,1/1/2008 0:00:00
Productos primarios,Formosa,7.381,1/1/2008 0:00:00
Productos primarios,Misiones,112.624,1/1/2008 0:00:00
Manufacturas de origen agropecuario,Buenos Aires,5240.632,1/1/2008 0:00:00
Manufacturas de origen agropecuario,Capital Federal,163.685,1/1/2008 0:00:00
Manufacturas de origen agropecuario,Córdoba,4073.988,1/1/2008 0:00:00
Manufacturas de origen agropecuario,Entre Ríos,381.973,1/1/2008 0:00:00
Manufacturas de origen agropecuario,La Pampa,39.582,1/1/2008 0:00:00
Manufacturas de origen agropecuario,Santa Fe,10901.264,1/1/2008 0:00:00
Manufacturas de origen agropecuario,Chubut,213.838,1/1/2008 0:00:00
Manufacturas de origen agropecuario,Neuquén,54.352,1/1/2008 0:00:00
Manufacturas de origen agropecuario,Río Negro,93.645,1/1/2008 0:00:00
Manufacturas de origen agropecuario,Santa Cruz,44.734,1/1/2008 0:00:00
Manufacturas de origen agropecuario,Tierra del Fuego,68.606,1/1/2008 0:00:00
Manufacturas de origen agropecuario,Catamarca,32.769,1/1/2008 0:00:00
Manufacturas de origen agropecuario,Jujuy,61.598,1/1/2008 0:00:00
Manufacturas de origen agropecuario,La Rioja,97.704,1/1/2008 0:00:00
Manufacturas de origen agropecuario,Salta,100.479,1/1/2008 0:00:00
Manufacturas de origen agropecuario,Santiago del Estero,1.706,1/1/2008 0:00:00
Manufacturas de origen agropecuario,Tucumán,223.862,1/1/2008 0:00:00
Manufacturas de origen agropecuario,Mendoza,913.064,1/1/2008 0:00:00
Manufacturas de origen agropecuario,San Juan,231.333,1/1/2008 0:00:00
Manufacturas de origen agropecuario,San Luis,179.487,1/1/2008 0:00:00
Manufacturas de origen agropecuario,Chaco,64.911,1/1/2008 0:00:00
Manufacturas de origen agropecuario,Corrientes,30.498,1/1/2008 0:00:00
Manufacturas de origen agropecuario,Formosa,11.56,1/1/2008 0:00:00
Manufacturas de origen agropecuario,Misiones,218.446,1/1/2008 0:00:00
Manufacturas de origen industrial,Buenos Aires,12359.289,1/1/2008 0:00:00
Manufacturas de origen industrial,Capital Federal,279.738,1/1/2008 0:00:00
Manufacturas de origen industrial,Córdoba,2040.647,1/1/2008 0:00:00
Manufacturas de origen industrial,Entre Ríos,94.562,1/1/2008 0:00:00
Manufacturas de origen industrial,La Pampa,7.196,1/1/2008 0:00:00
Manufacturas de origen industrial,Santa Fe,1930.15,1/1/2008 0:00:00
Manufacturas de origen industrial,Chubut,744.808,1/1/2008 0:00:00
Manufacturas de origen industrial,Neuquén,102.147,1/1/2008 0:00:00
Manufacturas de origen industrial,Río Negro,33.861,1/1/2008 0:00:00
Manufacturas de origen industrial,Santa Cruz,244.471,1/1/2008 0:00:00
Manufacturas de origen industrial,Tierra del Fuego,118.816,1/1/2008 0:00:00
Manufacturas de origen industrial,Catamarca,103.02,1/1/2008 0:00:00
Manufacturas de origen industrial,Jujuy,79.041,1/1/2008 0:00:00
Manufacturas de origen industrial,La Rioja,79.548,1/1/2008 0:00:00
Manufacturas de origen industrial,Salta,82.738,1/1/2008 0:00:00
Manufacturas de origen industrial,Santiago del Estero,26.631,1/1/2008 0:00:00
Manufacturas de origen industrial,Tucumán,281.584,1/1/2008 0:00:00
Manufacturas de origen industrial,Mendoza,239.958,1/1/2008 0:00:00
Manufacturas de origen industrial,San Juan,625.868,1/1/2008 0:00:00
Manufacturas de origen industrial,San Luis,319.961,1/1/2008 0:00:00
Manufacturas de origen industrial,Chaco,9.392,1/1/2008 0:00:00
Manufacturas de origen industrial,Corrientes,11.96,1/1/2008 0:00:00
Manufacturas de origen industrial,Formosa,2.397,1/1/2008 0:00:00
Manufacturas de origen industrial,Misiones,142.9,1/1/2008 0:00:00
Combustibles y energía,Buenos Aires,3202.592,1/1/2008 0:00:00
Combustibles y energía,Capital Federal,0,1/1/2008 0:00:00
Combustibles y energía,Córdoba,0,1/1/2008 0:00:00
Combustibles y energía,Entre Ríos,69.633,1/1/2008 0:00:00
Combustibles y energía,La Pampa,0,1/1/2008 0:00:00
Combustibles y energía,Santa Fe,327.146,1/1/2008 0:00:00
Combustibles y energía,Chubut,1504.904,1/1/2008 0:00:00
Combustibles y energía,Neuquén,287.255,1/1/2008 0:00:00
Combustibles y energía,Río Negro,37.772,1/1/2008 0:00:00
Combustibles y energía,Santa Cruz,53.535,1/1/2008 0:00:00
Combustibles y energía,Tierra del Fuego,284.07,1/1/2008 0:00:00
Combustibles y energía,Catamarca,0,1/1/2008 0:00:00
Combustibles y energía,Jujuy,1.295,1/1/2008 0:00:00
Combustibles y energía,La Rioja,0,1/1/2008 0:00:00
Combustibles y energía,Salta,357.341,1/1/2008 0:00:00
Combustibles y energía,Santiago del Estero,0,1/1/2008 0:00:00
Combustibles y energía,Tucumán,1.476,1/1/2008 0:00:00
Combustibles y energía,Mendoza,186.639,1/1/2008 0:00:00
Combustibles y energía,San Juan,0,1/1/2008 0:00:00
Combustibles y energía,San Luis,0,1/1/2008 0:00:00
Combustibles y energía,Chaco,0,1/1/2008 0:00:00
Combustibles y energía,Corrientes,29.173,1/1/2008 0:00:00
Combustibles y energía,Formosa,3.722,1/1/2008 0:00:00
Combustibles y energía,Misiones,0,1/1/2008 0:00:00
Productos primarios,Buenos Aires,2078.681,1/1/2009 0:00:00
Productos primarios,Capital Federal,0,1/1/2009 0:00:00
Productos primarios,Córdoba,1769.303,1/1/2009 0:00:00
Productos primarios,Entre Ríos,425.612,1/1/2009 0:00:00
Productos primarios,La Pampa,123.414,1/1/2009 0:00:00
Productos primarios,Santa Fe,813.032,1/1/2009 0:00:00
Productos primarios,Chubut,222.752,1/1/2009 0:00:00
Productos primarios,Neuquén,59.772,1/1/2009 0:00:00
Productos primarios,Río Negro,357.454,1/1/2009 0:00:00
Productos primarios,Santa Cruz,343.866,1/1/2009 0:00:00
Productos primarios,Tierra del Fuego,52.363,1/1/2009 0:00:00
Productos primarios,Catamarca,1158.075,1/1/2009 0:00:00
Productos primarios,Jujuy,183.818,1/1/2009 0:00:00
Productos primarios,La Rioja,1.926,1/1/2009 0:00:00
Productos primarios,Salta,450.541,1/1/2009 0:00:00
Productos primarios,Santiago del Estero,68.968,1/1/2009 0:00:00
Productos primarios,Tucumán,268.992,1/1/2009 0:00:00
Productos primarios,Mendoza,231.839,1/1/2009 0:00:00
Productos primarios,San Juan,98.273,1/1/2009 0:00:00
Productos primarios,San Luis,72.052,1/1/2009 0:00:00
Productos primarios,Chaco,113.374,1/1/2009 0:00:00
Productos primarios,Corrientes,139.61,1/1/2009 0:00:00
Productos primarios,Formosa,10.058,1/1/2009 0:00:00
Productos primarios,Misiones,122.3,1/1/2009 0:00:00
Manufacturas de origen agropecuario,Buenos Aires,4395.341,1/1/2009 0:00:00
Manufacturas de origen agropecuario,Capital Federal,133.758,1/1/2009 0:00:00
Manufacturas de origen agropecuario,Córdoba,3463.912,1/1/2009 0:00:00
Manufacturas de origen agropecuario,Entre Ríos,376.863,1/1/2009 0:00:00
Manufacturas de origen agropecuario,La Pampa,64.937,1/1/2009 0:00:00
Manufacturas de origen agropecuario,Santa Fe,10013.624,1/1/2009 0:00:00
Manufacturas de origen agropecuario,Chubut,155.579,1/1/2009 0:00:00
Manufacturas de origen agropecuario,Neuquén,38.335,1/1/2009 0:00:00
Manufacturas de origen agropecuario,Río Negro,62.536,1/1/2009 0:00:00
Manufacturas de origen agropecuario,Santa Cruz,39.145,1/1/2009 0:00:00
Manufacturas de origen agropecuario,Tierra del Fuego,63.088,1/1/2009 0:00:00
Manufacturas de origen agropecuario,Catamarca,35.9,1/1/2009 0:00:00
Manufacturas de origen agropecuario,Jujuy,170.234,1/1/2009 0:00:00
Manufacturas de origen agropecuario,La Rioja,116.586,1/1/2009 0:00:00
Manufacturas de origen agropecuario,Salta,104.724,1/1/2009 0:00:00
Manufacturas de origen agropecuario,Santiago del Estero,0.96,1/1/2009 0:00:00
Manufacturas de origen agropecuario,Tucumán,302.328,1/1/2009 0:00:00
Manufacturas de origen agropecuario,Mendoza,848.279,1/1/2009 0:00:00
Manufacturas de origen agropecuario,San Juan,180.502,1/1/2009 0:00:00
Manufacturas de origen agropecuario,San Luis,173.376,1/1/2009 0:00:00
Manufacturas de origen agropecuario,Chaco,48.881,1/1/2009 0:00:00
Manufacturas de origen agropecuario,Corrientes,32.35,1/1/2009 0:00:00
Manufacturas de origen agropecuario,Formosa,5.855,1/1/2009 0:00:00
Manufacturas de origen agropecuario,Misiones,188.891,1/1/2009 0:00:00
Manufacturas de origen industrial,Buenos Aires,10129.203,1/1/2009 0:00:00
Manufacturas de origen industrial,Capital Federal,243.631,1/1/2009 0:00:00
Manufacturas de origen industrial,Córdoba,1793.864,1/1/2009 0:00:00
Manufacturas de origen industrial,Entre Ríos,77.008,1/1/2009 0:00:00
Manufacturas de origen industrial,La Pampa,3.798,1/1/2009 0:00:00
Manufacturas de origen industrial,Santa Fe,2013.991,1/1/2009 0:00:00
Manufacturas de origen industrial,Chubut,564.24,1/1/2009 0:00:00
Manufacturas de origen industrial,Neuquén,28.711,1/1/2009 0:00:00
Manufacturas de origen industrial,Río Negro,29.893,1/1/2009 0:00:00
Manufacturas de origen industrial,Santa Cruz,417.782,1/1/2009 0:00:00
Manufacturas de origen industrial,Tierra del Fuego,69.274,1/1/2009 0:00:00
Manufacturas de origen industrial,Catamarca,102.981,1/1/2009 0:00:00
Manufacturas de origen industrial,Jujuy,49.896,1/1/2009 0:00:00
Manufacturas de origen industrial,La Rioja,104.475,1/1/2009 0:00:00
Manufacturas de origen industrial,Salta,70.059,1/1/2009 0:00:00
Manufacturas de origen industrial,Santiago del Estero,17.19,1/1/2009 0:00:00
Manufacturas de origen industrial,Tucumán,207.988,1/1/2009 0:00:00
Manufacturas de origen industrial,Mendoza,334.126,1/1/2009 0:00:00
Manufacturas de origen industrial,San Juan,856.408,1/1/2009 0:00:00
Manufacturas de origen industrial,San Luis,227.758,1/1/2009 0:00:00
Manufacturas de origen industrial,Chaco,7.509,1/1/2009 0:00:00
Manufacturas de origen industrial,Corrientes,9.859,1/1/2009 0:00:00
Manufacturas de origen industrial,Formosa,1.771,1/1/2009 0:00:00
Manufacturas de origen industrial,Misiones,140.359,1/1/2009 0:00:00
Combustibles y energía,Buenos Aires,1771.1,1/1/2009 0:00:00
Combustibles y energía,Capital Federal,0,1/1/2009 0:00:00
Combustibles y energía,Córdoba,0,1/1/2009 0:00:00
Combustibles y energía,Entre Ríos,225.136,1/1/2009 0:00:00
Combustibles y energía,La Pampa,4.241,1/1/2009 0:00:00
Combustibles y energía,Santa Fe,130.685,1/1/2009 0:00:00
Combustibles y energía,Chubut,1984.224,1/1/2009 0:00:00
Combustibles y energía,Neuquén,288.566,1/1/2009 0:00:00
Combustibles y energía,Río Negro,30.124,1/1/2009 0:00:00
Combustibles y energía,Santa Cruz,545.197,1/1/2009 0:00:00
Combustibles y energía,Tierra del Fuego,149.912,1/1/2009 0:00:00
Combustibles y energía,Catamarca,0,1/1/2009 0:00:00
Combustibles y energía,Jujuy,0,1/1/2009 0:00:00
Combustibles y energía,La Rioja,0,1/1/2009 0:00:00
Combustibles y energía,Salta,271.298,1/1/2009 0:00:00
Combustibles y energía,Santiago del Estero,0,1/1/2009 0:00:00
Combustibles y energía,Tucumán,2.036,1/1/2009 0:00:00
Combustibles y energía,Mendoza,115.116,1/1/2009 0:00:00
Combustibles y energía,San Juan,0,1/1/2009 0:00:00
Combustibles y energía,San Luis,0,1/1/2009 0:00:00
Combustibles y energía,Chaco,0,1/1/2009 0:00:00
Combustibles y energía,Corrientes,0,1/1/2009 0:00:00
Combustibles y energía,Formosa,11.839,1/1/2009 0:00:00
Combustibles y energía,Misiones,0,1/1/2009 0:00:00
Productos primarios,Buenos Aires,3907.744,1/1/2010 0:00:00
Productos primarios,Capital Federal,0,1/1/2010 0:00:00
Productos primarios,Córdoba,2454.414,1/1/2010 0:00:00
Productos primarios,Entre Ríos,1035.617,1/1/2010 0:00:00
Productos primarios,La Pampa,234.001,1/1/2010 0:00:00
Productos primarios,Santa Fe,1810.65,1/1/2010 0:00:00
Productos primarios,Chubut,347.472,1/1/2010 0:00:00
Productos primarios,Neuquén,61.686,1/1/2010 0:00:00
Productos primarios,Río Negro,365.112,1/1/2010 0:00:00
Productos primarios,Santa Cruz,473.213,1/1/2010 0:00:00
Productos primarios,Tierra del Fuego,54.251,1/1/2010 0:00:00
Productos primarios,Catamarca,1518.485,1/1/2010 0:00:00
Productos primarios,Jujuy,269.429,1/1/2010 0:00:00
Productos primarios,La Rioja,3.416,1/1/2010 0:00:00
Productos primarios,Salta,606.394,1/1/2010 0:00:00
Productos primarios,Santiago del Estero,449.352,1/1/2010 0:00:00
Productos primarios,Tucumán,357.879,1/1/2010 0:00:00
Productos primarios,Mendoza,305.531,1/1/2010 0:00:00
Productos primarios,San Juan,153.611,1/1/2010 0:00:00
Productos primarios,San Luis,83.484,1/1/2010 0:00:00
Productos primarios,Chaco,291.965,1/1/2010 0:00:00
Productos primarios,Corrientes,110.085,1/1/2010 0:00:00
Productos primarios,Formosa,9.94,1/1/2010 0:00:00
Productos primarios,Misiones,86.395,1/1/2010 0:00:00
Manufacturas de origen agropecuario,Buenos Aires,4654.362,1/1/2010 0:00:00
Manufacturas de origen agropecuario,Capital Federal,111.94,1/1/2010 0:00:00
Manufacturas de origen agropecuario,Córdoba,3906.723,1/1/2010 0:00:00
Manufacturas de origen agropecuario,Entre Ríos,427.108,1/1/2010 0:00:00
Manufacturas de origen agropecuario,La Pampa,46.091,1/1/2010 0:00:00
Manufacturas de origen agropecuario,Santa Fe,10512.663,1/1/2010 0:00:00
Manufacturas de origen agropecuario,Chubut,196.981,1/1/2010 0:00:00
Manufacturas de origen agropecuario,Neuquén,29.956,1/1/2010 0:00:00
Manufacturas de origen agropecuario,Río Negro,61.798,1/1/2010 0:00:00
Manufacturas de origen agropecuario,Santa Cruz,37.017,1/1/2010 0:00:00
Manufacturas de origen agropecuario,Tierra del Fuego,45.52,1/1/2010 0:00:00
Manufacturas de origen agropecuario,Catamarca,48.007,1/1/2010 0:00:00
Manufacturas de origen agropecuario,Jujuy,52.873,1/1/2010 0:00:00
Manufacturas de origen agropecuario,La Rioja,140.147,1/1/2010 0:00:00
Manufacturas de origen agropecuario,Salta,109.242,1/1/2010 0:00:00
Manufacturas de origen agropecuario,Santiago del Estero,48.568,1/1/2010 0:00:00
Manufacturas de origen agropecuario,Tucumán,293.942,1/1/2010 0:00:00
Manufacturas de origen agropecuario,Mendoza,930.599,1/1/2010 0:00:00
Manufacturas de origen agropecuario,San Juan,188.636,1/1/2010 0:00:00
Manufacturas de origen agropecuario,San Luis,182.982,1/1/2010 0:00:00
Manufacturas de origen agropecuario,Chaco,71.275,1/1/2010 0:00:00
Manufacturas de origen agropecuario,Corrientes,34.013,1/1/2010 0:00:00
Manufacturas de origen agropecuario,Formosa,11.709,1/1/2010 0:00:00
Manufacturas de origen agropecuario,Misiones,247.694,1/1/2010 0:00:00
Manufacturas de origen industrial,Buenos Aires,12515.151,1/1/2010 0:00:00
Manufacturas de origen industrial,Capital Federal,263.601,1/1/2010 0:00:00
Manufacturas de origen industrial,Córdoba,2125.767,1/1/2010 0:00:00
Manufacturas de origen industrial,Entre Ríos,102.52,1/1/2010 0:00:00
Manufacturas de origen industrial,La Pampa,7.098,1/1/2010 0:00:00
Manufacturas de origen industrial,Santa Fe,2999.762,1/1/2010 0:00:00
Manufacturas de origen industrial,Chubut,703.268,1/1/2010 0:00:00
Manufacturas de origen industrial,Neuquén,30.777,1/1/2010 0:00:00
Manufacturas de origen industrial,Río Negro,29.832,1/1/2010 0:00:00
Manufacturas de origen industrial,Santa Cruz,580.441,1/1/2010 0:00:00
Manufacturas de origen industrial,Tierra del Fuego,76.256,1/1/2010 0:00:00
Manufacturas de origen industrial,Catamarca,110.182,1/1/2010 0:00:00
Manufacturas de origen industrial,Jujuy,60.73,1/1/2010 0:00:00
Manufacturas de origen industrial,La Rioja,131.618,1/1/2010 0:00:00
Manufacturas de origen industrial,Salta,77.294,1/1/2010 0:00:00
Manufacturas de origen industrial,Santiago del Estero,22.805,1/1/2010 0:00:00
Manufacturas de origen industrial,Tucumán,258.478,1/1/2010 0:00:00
Manufacturas de origen industrial,Mendoza,328.69,1/1/2010 0:00:00
Manufacturas de origen industrial,San Juan,1761.201,1/1/2010 0:00:00
Manufacturas de origen industrial,San Luis,272.77,1/1/2010 0:00:00
Manufacturas de origen industrial,Chaco,10.423,1/1/2010 0:00:00
Manufacturas de origen industrial,Corrientes,10.907,1/1/2010 0:00:00
Manufacturas de origen industrial,Formosa,1.93,1/1/2010 0:00:00
Manufacturas de origen industrial,Misiones,194.472,1/1/2010 0:00:00
Combustibles y energía,Buenos Aires,1792.235,1/1/2010 0:00:00
Combustibles y energía,Capital Federal,0,1/1/2010 0:00:00
Combustibles y energía,Córdoba,0,1/1/2010 0:00:00
Combustibles y energía,Entre Ríos,11.903,1/1/2010 0:00:00
Combustibles y energía,La Pampa,2.029,1/1/2010 0:00:00
Combustibles y energía,Santa Fe,124.982,1/1/2010 0:00:00
Combustibles y energía,Chubut,2059.855,1/1/2010 0:00:00
Combustibles y energía,Neuquén,205.91,1/1/2010 0:00:00
Combustibles y energía,Río Negro,38.42,1/1/2010 0:00:00
Combustibles y energía,Santa Cruz,541.655,1/1/2010 0:00:00
Combustibles y energía,Tierra del Fuego,214.981,1/1/2010 0:00:00
Combustibles y energía,Catamarca,0,1/1/2010 0:00:00
Combustibles y energía,Jujuy,0,1/1/2010 0:00:00
Combustibles y energía,La Rioja,0,1/1/2010 0:00:00
Combustibles y energía,Salta,219.145,1/1/2010 0:00:00
Combustibles y energía,Santiago del Estero,0,1/1/2010 0:00:00
Combustibles y energía,Tucumán,3.419,1/1/2010 0:00:00
Combustibles y energía,Mendoza,131.409,1/1/2010 0:00:00
Combustibles y energía,San Juan,0,1/1/2010 0:00:00
Combustibles y energía,San Luis,0,1/1/2010 0:00:00
Combustibles y energía,Chaco,0,1/1/2010 0:00:00
Combustibles y energía,Corrientes,0,1/1/2010 0:00:00
Combustibles y energía,Formosa,12.401,1/1/2010 0:00:00
Combustibles y energía,Misiones,0,1/1/2010 0:00:00
Productos primarios,Buenos Aires,5804.287,1/1/2011 0:00:00
Productos primarios,Capital Federal,0,1/1/2011 0:00:00
Productos primarios,Córdoba,3103.508,1/1/2011 0:00:00
Productos primarios,Entre Ríos,1099.364,1/1/2011 0:00:00
Productos primarios,La Pampa,310.333,1/1/2011 0:00:00
Productos primarios,Santa Fe,2241.954,1/1/2011 0:00:00
Productos primarios,Chubut,394.998,1/1/2011 0:00:00
Productos primarios,Neuquén,84.85,1/1/2011 0:00:00
Productos primarios,Río Negro,523.688,1/1/2011 0:00:00
Productos primarios,Santa Cruz,506.969,1/1/2011 0:00:00
Productos primarios,Tierra del Fuego,64.744,1/1/2011 0:00:00
Productos primarios,Catamarca,1499.291,1/1/2011 0:00:00
Productos primarios,Jujuy,356.628,1/1/2011 0:00:00
Productos primarios,La Rioja,4.478,1/1/2011 0:00:00
Productos primarios,Salta,861.083,1/1/2011 0:00:00
Productos primarios,Santiago del Estero,955.05,1/1/2011 0:00:00
Productos primarios,Tucumán,393.3,1/1/2011 0:00:00
Productos primarios,Mendoza,278.27,1/1/2011 0:00:00
Productos primarios,San Juan,157.859,1/1/2011 0:00:00
Productos primarios,San Luis,181.113,1/1/2011 0:00:00
Productos primarios,Chaco,500.144,1/1/2011 0:00:00
Productos primarios,Corrientes,223.792,1/1/2011 0:00:00
Productos primarios,Formosa,16.494,1/1/2011 0:00:00
Productos primarios,Misiones,100.029,1/1/2011 0:00:00
Manufacturas de origen agropecuario,Buenos Aires,5810.654,1/1/2011 0:00:00
Manufacturas de origen agropecuario,Capital Federal,155.455,1/1/2011 0:00:00
Manufacturas de origen agropecuario,Córdoba,4917.395,1/1/2011 0:00:00
Manufacturas de origen agropecuario,Entre Ríos,575.331,1/1/2011 0:00:00
Manufacturas de origen agropecuario,La Pampa,48.511,1/1/2011 0:00:00
Manufacturas de origen agropecuario,Santa Fe,12353.186,1/1/2011 0:00:00
Manufacturas de origen agropecuario,Chubut,236.327,1/1/2011 0:00:00
Manufacturas de origen agropecuario,Neuquén,73.694,1/1/2011 0:00:00
Manufacturas de origen agropecuario,Río Negro,119.685,1/1/2011 0:00:00
Manufacturas de origen agropecuario,Santa Cruz,48.596,1/1/2011 0:00:00
Manufacturas de origen agropecuario,Tierra del Fuego,44.493,1/1/2011 0:00:00
Manufacturas de origen agropecuario,Catamarca,59.111,1/1/2011 0:00:00
Manufacturas de origen agropecuario,Jujuy,30.262,1/1/2011 0:00:00
Manufacturas de origen agropecuario,La Rioja,149.033,1/1/2011 0:00:00
Manufacturas de origen agropecuario,Salta,110.296,1/1/2011 0:00:00
Manufacturas de origen agropecuario,Santiago del Estero,84.347,1/1/2011 0:00:00
Manufacturas de origen agropecuario,Tucumán,326.973,1/1/2011 0:00:00
Manufacturas de origen agropecuario,Mendoza,1100.306,1/1/2011 0:00:00
Manufacturas de origen agropecuario,San Juan,271.008,1/1/2011 0:00:00
Manufacturas de origen agropecuario,San Luis,223.43,1/1/2011 0:00:00
Manufacturas de origen agropecuario,Chaco,78.878,1/1/2011 0:00:00
Manufacturas de origen agropecuario,Corrientes,31.056,1/1/2011 0:00:00
Manufacturas de origen agropecuario,Formosa,11.303,1/1/2011 0:00:00
Manufacturas de origen agropecuario,Misiones,249.22,1/1/2011 0:00:00
Manufacturas de origen industrial,Buenos Aires,14714.427,1/1/2011 0:00:00
Manufacturas de origen industrial,Capital Federal,278.45,1/1/2011 0:00:00
Manufacturas de origen industrial,Córdoba,2833.992,1/1/2011 0:00:00
Manufacturas de origen industrial,Entre Ríos,119.935,1/1/2011 0:00:00
Manufacturas de origen industrial,La Pampa,11.825,1/1/2011 0:00:00
Manufacturas de origen industrial,Santa Fe,4118.297,1/1/2011 0:00:00
Manufacturas de origen industrial,Chubut,790.347,1/1/2011 0:00:00
Manufacturas de origen industrial,Neuquén,34.333,1/1/2011 0:00:00
Manufacturas de origen industrial,Río Negro,35.771,1/1/2011 0:00:00
Manufacturas de origen industrial,Santa Cruz,826.609,1/1/2011 0:00:00
Manufacturas de origen industrial,Tierra del Fuego,79.398,1/1/2011 0:00:00
Manufacturas de origen industrial,Catamarca,90.792,1/1/2011 0:00:00
Manufacturas de origen industrial,Jujuy,66.229,1/1/2011 0:00:00
Manufacturas de origen industrial,La Rioja,127.996,1/1/2011 0:00:00
Manufacturas de origen industrial,Salta,91.461,1/1/2011 0:00:00
Manufacturas de origen industrial,Santiago del Estero,16.119,1/1/2011 0:00:00
Manufacturas de origen industrial,Tucumán,295.032,1/1/2011 0:00:00
Manufacturas de origen industrial,Mendoza,293.143,1/1/2011 0:00:00
Manufacturas de origen industrial,San Juan,2033.756,1/1/2011 0:00:00
Manufacturas de origen industrial,San Luis,323.724,1/1/2011 0:00:00
Manufacturas de origen industrial,Chaco,10.938,1/1/2011 0:00:00
Manufacturas de origen industrial,Corrientes,22.697,1/1/2011 0:00:00
Manufacturas de origen industrial,Formosa,1.769,1/1/2011 0:00:00
Manufacturas de origen industrial,Misiones,186.463,1/1/2011 0:00:00
Combustibles y energía,Buenos Aires,1688.315,1/1/2011 0:00:00
Combustibles y energía,Capital Federal,0,1/1/2011 0:00:00
Combustibles y energía,Córdoba,0,1/1/2011 0:00:00
Combustibles y energía,Entre Ríos,61.592,1/1/2011 0:00:00
Combustibles y energía,La Pampa,0,1/1/2011 0:00:00
Combustibles y energía,Santa Fe,139.22,1/1/2011 0:00:00
Combustibles y energía,Chubut,1726.368,1/1/2011 0:00:00
Combustibles y energía,Neuquén,169.288,1/1/2011 0:00:00
Combustibles y energía,Río Negro,42.532,1/1/2011 0:00:00
Combustibles y energía,Santa Cruz,464.753,1/1/2011 0:00:00
Combustibles y energía,Tierra del Fuego,254.41,1/1/2011 0:00:00
Combustibles y energía,Catamarca,0,1/1/2011 0:00:00
Combustibles y energía,Jujuy,0,1/1/2011 0:00:00
Combustibles y energía,La Rioja,0,1/1/2011 0:00:00
Combustibles y energía,Salta,251.025,1/1/2011 0:00:00
Combustibles y energía,Santiago del Estero,0,1/1/2011 0:00:00
Combustibles y energía,Tucumán,0,1/1/2011 0:00:00
Combustibles y energía,Mendoza,128.074,1/1/2011 0:00:00
Combustibles y energía,San Juan,0,1/1/2011 0:00:00
Combustibles y energía,San Luis,0,1/1/2011 0:00:00
Combustibles y energía,Chaco,0,1/1/2011 0:00:00
Combustibles y energía,Corrientes,1.291,1/1/2011 0:00:00
Combustibles y energía,Formosa,10.475,1/1/2011 0:00:00
Combustibles y energía,Misiones,0,1/1/2011 0:00:00
Productos primarios,Buenos Aires,6146.632,1/1/2012 0:00:00
Productos primarios,Capital Federal,0,1/1/2012 0:00:00
Productos primarios,Córdoba,2712.394,1/1/2012 0:00:00
Productos primarios,Entre Ríos,1142.142,1/1/2012 0:00:00
Productos primarios,La Pampa,407.435,1/1/2012 0:00:00
Productos primarios,Santa Fe,2073.133,1/1/2012 0:00:00
Productos primarios,Chubut,351.329,1/1/2012 0:00:00
Productos primarios,Neuquén,60.303,1/1/2012 0:00:00
Productos primarios,Río Negro,447.46,1/1/2012 0:00:00
Productos primarios,Santa Cruz,544.681,1/1/2012 0:00:00
Productos primarios,Tierra del Fuego,64.313,1/1/2012 0:00:00
Productos primarios,Catamarca,1562.586,1/1/2012 0:00:00
Productos primarios,Jujuy,480.11,1/1/2012 0:00:00
Productos primarios,La Rioja,3.105,1/1/2012 0:00:00
Productos primarios,Salta,789.473,1/1/2012 0:00:00
Productos primarios,Santiago del Estero,744.124,1/1/2012 0:00:00
Productos primarios,Tucumán,335.874,1/1/2012 0:00:00
Productos primarios,Mendoza,195.022,1/1/2012 0:00:00
Productos primarios,San Juan,125.728,1/1/2012 0:00:00
Productos primarios,San Luis,163.146,1/1/2012 0:00:00
Productos primarios,Chaco,222.721,1/1/2012 0:00:00
Productos primarios,Corrientes,198.208,1/1/2012 0:00:00
Productos primarios,Formosa,12.999,1/1/2012 0:00:00
Productos primarios,Misiones,87.345,1/1/2012 0:00:00
Manufacturas de origen agropecuario,Buenos Aires,5606.34,1/1/2012 0:00:00
Manufacturas de origen agropecuario,Capital Federal,154.697,1/1/2012 0:00:00
Manufacturas de origen agropecuario,Córdoba,4996.13,1/1/2012 0:00:00
Manufacturas de origen agropecuario,Entre Ríos,630.339,1/1/2012 0:00:00
Manufacturas de origen agropecuario,La Pampa,30.411,1/1/2012 0:00:00
Manufacturas de origen agropecuario,Santa Fe,11924.291,1/1/2012 0:00:00
Manufacturas de origen agropecuario,Chubut,164.028,1/1/2012 0:00:00
Manufacturas de origen agropecuario,Neuquén,56.144,1/1/2012 0:00:00
Manufacturas de origen agropecuario,Río Negro,103.557,1/1/2012 0:00:00
Manufacturas de origen agropecuario,Santa Cruz,29.072,1/1/2012 0:00:00
Manufacturas de origen agropecuario,Tierra del Fuego,41.728,1/1/2012 0:00:00
Manufacturas de origen agropecuario,Catamarca,60.513,1/1/2012 0:00:00
Manufacturas de origen agropecuario,Jujuy,59.901,1/1/2012 0:00:00
Manufacturas de origen agropecuario,La Rioja,129.133,1/1/2012 0:00:00
Manufacturas de origen agropecuario,Salta,115.668,1/1/2012 0:00:00
Manufacturas de origen agropecuario,Santiago del Estero,36.052,1/1/2012 0:00:00
Manufacturas de origen agropecuario,Tucumán,286.95,1/1/2012 0:00:00
Manufacturas de origen agropecuario,Mendoza,1189.863,1/1/2012 0:00:00
Manufacturas de origen agropecuario,San Juan,273.737,1/1/2012 0:00:00
Manufacturas de origen agropecuario,San Luis,217.547,1/1/2012 0:00:00
Manufacturas de origen agropecuario,Chaco,71.636,1/1/2012 0:00:00
Manufacturas de origen agropecuario,Corrientes,34.137,1/1/2012 0:00:00
Manufacturas de origen agropecuario,Formosa,16.946,1/1/2012 0:00:00
Manufacturas de origen agropecuario,Misiones,222.008,1/1/2012 0:00:00
Manufacturas de origen industrial,Buenos Aires,14279.095,1/1/2012 0:00:00
Manufacturas de origen industrial,Capital Federal,267.154,1/1/2012 0:00:00
Manufacturas de origen industrial,Córdoba,2603.99,1/1/2012 0:00:00
Manufacturas de origen industrial,Entre Ríos,114.24,1/1/2012 0:00:00
Manufacturas de origen industrial,La Pampa,7.793,1/1/2012 0:00:00
Manufacturas de origen industrial,Santa Fe,3793.065,1/1/2012 0:00:00
Manufacturas de origen industrial,Chubut,667.058,1/1/2012 0:00:00
Manufacturas de origen industrial,Neuquén,40.114,1/1/2012 0:00:00
Manufacturas de origen industrial,Río Negro,34.066,1/1/2012 0:00:00
Manufacturas de origen industrial,Santa Cruz,794.336,1/1/2012 0:00:00
Manufacturas de origen industrial,Tierra del Fuego,70.128,1/1/2012 0:00:00
Manufacturas de origen industrial,Catamarca,96.842,1/1/2012 0:00:00
Manufacturas de origen industrial,Jujuy,69.129,1/1/2012 0:00:00
Manufacturas de origen industrial,La Rioja,128.524,1/1/2012 0:00:00
Manufacturas de origen industrial,Salta,89.924,1/1/2012 0:00:00
Manufacturas de origen industrial,Santiago del Estero,10.173,1/1/2012 0:00:00
Manufacturas de origen industrial,Tucumán,256.742,1/1/2012 0:00:00
Manufacturas de origen industrial,Mendoza,334.216,1/1/2012 0:00:00
Manufacturas de origen industrial,San Juan,1890.326,1/1/2012 0:00:00
Manufacturas de origen industrial,San Luis,310.277,1/1/2012 0:00:00
Manufacturas de origen industrial,Chaco,10.621,1/1/2012 0:00:00
Manufacturas de origen industrial,Corrientes,7.43,1/1/2012 0:00:00
Manufacturas de origen industrial,Formosa,2.362,1/1/2012 0:00:00
Manufacturas de origen industrial,Misiones,131.842,1/1/2012 0:00:00
Combustibles y energía,Buenos Aires,1382.254,1/1/2012 0:00:00
Combustibles y energía,Capital Federal,0,1/1/2012 0:00:00
Combustibles y energía,Córdoba,0,1/1/2012 0:00:00
Combustibles y energía,Entre Ríos,108.18,1/1/2012 0:00:00
Combustibles y energía,La Pampa,0,1/1/2012 0:00:00
Combustibles y energía,Santa Fe,141.048,1/1/2012 0:00:00
Combustibles y energía,Chubut,2065.739,1/1/2012 0:00:00
Combustibles y energía,Neuquén,127.008,1/1/2012 0:00:00
Combustibles y energía,Río Negro,43.103,1/1/2012 0:00:00
Combustibles y energía,Santa Cruz,540.307,1/1/2012 0:00:00
Combustibles y energía,Tierra del Fuego,104.684,1/1/2012 0:00:00
Combustibles y energía,Catamarca,0,1/1/2012 0:00:00
Combustibles y energía,Jujuy,0,1/1/2012 0:00:00
Combustibles y energía,La Rioja,0,1/1/2012 0:00:00
Combustibles y energía,Salta,317.41,1/1/2012 0:00:00
Combustibles y energía,Santiago del Estero,0,1/1/2012 0:00:00
Combustibles y energía,Tucumán,0,1/1/2012 0:00:00
Combustibles y energía,Mendoza,87.925,1/1/2012 0:00:00
Combustibles y energía,San Juan,0,1/1/2012 0:00:00
Combustibles y energía,San Luis,0,1/1/2012 0:00:00
Combustibles y energía,Chaco,0,1/1/2012 0:00:00
Combustibles y energía,Corrientes,0,1/1/2012 0:00:00
Combustibles y energía,Formosa,12.534,1/1/2012 0:00:00
Combustibles y energía,Misiones,0,1/1/2012 0:00:00
Productos primarios,Buenos Aires,5121.623,1/1/2013 0:00:00
Productos primarios,Capital Federal,0,1/1/2013 0:00:00
Productos primarios,Córdoba,3627.186,1/1/2013 0:00:00
Productos primarios,Entre Ríos,980.863,1/1/2013 0:00:00
Productos primarios,La Pampa,290.08,1/1/2013 0:00:00
Productos primarios,Santa Fe,2247.746,1/1/2013 0:00:00
Productos primarios,Chubut,431.715,1/1/2013 0:00:00
Productos primarios,Neuquén,69.026,1/1/2013 0:00:00
Productos primarios,Río Negro,531.144,1/1/2013 0:00:00
Productos primarios,Santa Cruz,565.83,1/1/2013 0:00:00
Productos primarios,Tierra del Fuego,52.735,1/1/2013 0:00:00
Productos primarios,Catamarca,983.26,1/1/2013 0:00:00
Productos primarios,Jujuy,305.933,1/1/2013 0:00:00
Productos primarios,La Rioja,4.289,1/1/2013 0:00:00
Productos primarios,Salta,338.346,1/1/2013 0:00:00
Productos primarios,Santiago del Estero,561.758,1/1/2013 0:00:00
Productos primarios,Tucumán,318.138,1/1/2013 0:00:00
Productos primarios,Mendoza,212.358,1/1/2013 0:00:00
Productos primarios,San Juan,101.496,1/1/2013 0:00:00
Productos primarios,San Luis,348.921,1/1/2013 0:00:00
Productos primarios,Chaco,208.155,1/1/2013 0:00:00
Productos primarios,Corrientes,208.898,1/1/2013 0:00:00
Productos primarios,Formosa,11.497,1/1/2013 0:00:00
Productos primarios,Misiones,83.852,1/1/2013 0:00:00
Manufacturas de origen agropecuario,Buenos Aires,5121.433,1/1/2013 0:00:00
Manufacturas de origen agropecuario,Capital Federal,149.039,1/1/2013 0:00:00
Manufacturas de origen agropecuario,Córdoba,4962.99,1/1/2013 0:00:00
Manufacturas de origen agropecuario,Entre Ríos,740.062,1/1/2013 0:00:00
Manufacturas de origen agropecuario,La Pampa,34.302,1/1/2013 0:00:00
Manufacturas de origen agropecuario,Santa Fe,11517.032,1/1/2013 0:00:00
Manufacturas de origen agropecuario,Chubut,158.577,1/1/2013 0:00:00
Manufacturas de origen agropecuario,Neuquén,46.031,1/1/2013 0:00:00
Manufacturas de origen agropecuario,Río Negro,82.139,1/1/2013 0:00:00
Manufacturas de origen agropecuario,Santa Cruz,17.389,1/1/2013 0:00:00
Manufacturas de origen agropecuario,Tierra del Fuego,28.394,1/1/2013 0:00:00
Manufacturas de origen agropecuario,Catamarca,40.869,1/1/2013 0:00:00
Manufacturas de origen agropecuario,Jujuy,55.889,1/1/2013 0:00:00
Manufacturas de origen agropecuario,La Rioja,175.302,1/1/2013 0:00:00
Manufacturas de origen agropecuario,Salta,94.985,1/1/2013 0:00:00
Manufacturas de origen agropecuario,Santiago del Estero,34.497,1/1/2013 0:00:00
Manufacturas de origen agropecuario,Tucumán,262.721,1/1/2013 0:00:00
Manufacturas de origen agropecuario,Mendoza,1150.84,1/1/2013 0:00:00
Manufacturas de origen agropecuario,San Juan,273.984,1/1/2013 0:00:00
Manufacturas de origen agropecuario,San Luis,196.23,1/1/2013 0:00:00
Manufacturas de origen agropecuario,Chaco,67.417,1/1/2013 0:00:00
Manufacturas de origen agropecuario,Corrientes,41.13,1/1/2013 0:00:00
Manufacturas de origen agropecuario,Formosa,14.588,1/1/2013 0:00:00
Manufacturas de origen agropecuario,Misiones,255.489,1/1/2013 0:00:00
Manufacturas de origen industrial,Buenos Aires,14237.866,1/1/2013 0:00:00
Manufacturas de origen industrial,Capital Federal,243.048,1/1/2013 0:00:00
Manufacturas de origen industrial,Córdoba,2709.988,1/1/2013 0:00:00
Manufacturas de origen industrial,Entre Ríos,111.863,1/1/2013 0:00:00
Manufacturas de origen industrial,La Pampa,5.412,1/1/2013 0:00:00
Manufacturas de origen industrial,Santa Fe,2948.542,1/1/2013 0:00:00
Manufacturas de origen industrial,Chubut,677.045,1/1/2013 0:00:00
Manufacturas de origen industrial,Neuquén,30.112,1/1/2013 0:00:00
Manufacturas de origen industrial,Río Negro,14.637,1/1/2013 0:00:00
Manufacturas de origen industrial,Santa Cruz,707.033,1/1/2013 0:00:00
Manufacturas de origen industrial,Tierra del Fuego,44.345,1/1/2013 0:00:00
Manufacturas de origen industrial,Catamarca,77.943,1/1/2013 0:00:00
Manufacturas de origen industrial,Jujuy,49.506,1/1/2013 0:00:00
Manufacturas de origen industrial,La Rioja,125.492,1/1/2013 0:00:00
Manufacturas de origen industrial,Salta,81.68,1/1/2013 0:00:00
Manufacturas de origen industrial,Santiago del Estero,6.065,1/1/2013 0:00:00
Manufacturas de origen industrial,Tucumán,339.978,1/1/2013 0:00:00
Manufacturas de origen industrial,Mendoza,274.627,1/1/2013 0:00:00
Manufacturas de origen industrial,San Juan,1484.851,1/1/2013 0:00:00
Manufacturas de origen industrial,San Luis,240.632,1/1/2013 0:00:00
Manufacturas de origen industrial,Chaco,6.966,1/1/2013 0:00:00
Manufacturas de origen industrial,Corrientes,5.083,1/1/2013 0:00:00
Manufacturas de origen industrial,Formosa,2.606,1/1/2013 0:00:00
Manufacturas de origen industrial,Misiones,146.019,1/1/2013 0:00:00
Combustibles y energía,Buenos Aires,1056.065,1/1/2013 0:00:00
Combustibles y energía,Capital Federal,0,1/1/2013 0:00:00
Combustibles y energía,Córdoba,0,1/1/2013 0:00:00
Combustibles y energía,Entre Ríos,0,1/1/2013 0:00:00
Combustibles y energía,La Pampa,0,1/1/2013 0:00:00
Combustibles y energía,Santa Fe,81.334,1/1/2013 0:00:00
Combustibles y energía,Chubut,1373.966,1/1/2013 0:00:00
Combustibles y energía,Neuquén,109.243,1/1/2013 0:00:00
Combustibles y energía,Río Negro,48.389,1/1/2013 0:00:00
Combustibles y energía,Santa Cruz,358.54,1/1/2013 0:00:00
Combustibles y energía,Tierra del Fuego,54.375,1/1/2013 0:00:00
Combustibles y energía,Catamarca,0,1/1/2013 0:00:00
Combustibles y energía,Jujuy,0,1/1/2013 0:00:00
Combustibles y energía,La Rioja,0,1/1/2013 0:00:00
Combustibles y energía,Salta,407.459,1/1/2013 0:00:00
Combustibles y energía,Santiago del Estero,0,1/1/2013 0:00:00
Combustibles y energía,Tucumán,0,1/1/2013 0:00:00
Combustibles y energía,Mendoza,43.732,1/1/2013 0:00:00
Combustibles y energía,San Juan,0,1/1/2013 0:00:00
Combustibles y energía,San Luis,0,1/1/2013 0:00:00
Combustibles y energía,Chaco,0,1/1/2013 0:00:00
Combustibles y energía,Corrientes,0,1/1/2013 0:00:00
Combustibles y energía,Formosa,8.337,1/1/2013 0:00:00
Combustibles y energía,Misiones,0,1/1/2013 0:00:00
Productos primarios,Buenos Aires,3507.5,1/1/2014 0:00:00
Productos primarios,Capital Federal,-,1/1/2014 0:00:00
Productos primarios,Córdoba,2681.109,1/1/2014 0:00:00
Productos primarios,Entre Ríos,779.096,1/1/2014 0:00:00
Productos primarios,La Pampa,241.338,1/1/2014 0:00:00
Productos primarios,Santa Fe,1355.127,1/1/2014 0:00:00
Productos primarios,Chubut,508.164,1/1/2014 0:00:00
Productos primarios,Neuquén,63.302,1/1/2014 0:00:00
Productos primarios,Río Negro,464.354,1/1/2014 0:00:00
Productos primarios,Santa Cruz,502.611,1/1/2014 0:00:00
Productos primarios,Tierra del Fuego,63.881,1/1/2014 0:00:00
Productos primarios,Catamarca,956.985,1/1/2014 0:00:00
Productos primarios,Jujuy,294.895,1/1/2014 0:00:00
Productos primarios,La Rioja,6.923,1/1/2014 0:00:00
Productos primarios,Salta,571.889,1/1/2014 0:00:00
Productos primarios,Santiago del Estero,788.089,1/1/2014 0:00:00
Productos primarios,Tucumán,257.22,1/1/2014 0:00:00
Productos primarios,Mendoza,168.775,1/1/2014 0:00:00
Productos primarios,San Juan,75.02,1/1/2014 0:00:00
Productos primarios,San Luis,168.639,1/1/2014 0:00:00
Productos primarios,Chaco,328.725,1/1/2014 0:00:00
Productos primarios,Corrientes,179.002,1/1/2014 0:00:00
Productos primarios,Formosa,11.992,1/1/2014 0:00:00
Productos primarios,Misiones,60.968,1/1/2014 0:00:00
Manufacturas de origen agropecuario,Buenos Aires,5923.86,1/1/2014 0:00:00
Manufacturas de origen agropecuario,Capital Federal,146.369,1/1/2014 0:00:00
Manufacturas de origen agropecuario,Córdoba,4728.573,1/1/2014 0:00:00
Manufacturas de origen agropecuario,Entre Ríos,658.392,1/1/2014 0:00:00
Manufacturas de origen agropecuario,La Pampa,37.209,1/1/2014 0:00:00
Manufacturas de origen agropecuario,Santa Fe,12008.12,1/1/2014 0:00:00
Manufacturas de origen agropecuario,Chubut,131.679,1/1/2014 0:00:00
Manufacturas de origen agropecuario,Neuquén,29.008,1/1/2014 0:00:00
Manufacturas de origen agropecuario,Río Negro,62.712,1/1/2014 0:00:00
Manufacturas de origen agropecuario,Santa Cruz,22.294,1/1/2014 0:00:00
Manufacturas de origen agropecuario,Tierra del Fuego,25.849,1/1/2014 0:00:00
Manufacturas de origen agropecuario,Catamarca,13.333,1/1/2014 0:00:00
Manufacturas de origen agropecuario,Jujuy,25.153,1/1/2014 0:00:00
Manufacturas de origen agropecuario,La Rioja,148.451,1/1/2014 0:00:00
Manufacturas de origen agropecuario,Salta,77.451,1/1/2014 0:00:00
Manufacturas de origen agropecuario,Santiago del Estero,54.086,1/1/2014 0:00:00
Manufacturas de origen agropecuario,Tucumán,186.537,1/1/2014 0:00:00
Manufacturas de origen agropecuario,Mendoza,961.899,1/1/2014 0:00:00
Manufacturas de origen agropecuario,San Juan,199.9,1/1/2014 0:00:00
Manufacturas de origen agropecuario,San Luis,172.444,1/1/2014 0:00:00
Manufacturas de origen agropecuario,Chaco,71.282,1/1/2014 0:00:00
Manufacturas de origen agropecuario,Corrientes,39.878,1/1/2014 0:00:00
Manufacturas de origen agropecuario,Formosa,13.116,1/1/2014 0:00:00
Manufacturas de origen agropecuario,Misiones,268.362,1/1/2014 0:00:00
Manufacturas de origen industrial,Buenos Aires,12852.535,1/1/2014 0:00:00
Manufacturas de origen industrial,Capital Federal,219.694,1/1/2014 0:00:00
Manufacturas de origen industrial,Córdoba,2187.213,1/1/2014 0:00:00
Manufacturas de origen industrial,Entre Ríos,109.789,1/1/2014 0:00:00
Manufacturas de origen industrial,La Pampa,5.466,1/1/2014 0:00:00
Manufacturas de origen industrial,Santa Fe,2652.526,1/1/2014 0:00:00
Manufacturas de origen industrial,Chubut,596.83,1/1/2014 0:00:00
Manufacturas de origen industrial,Neuquén,43.834,1/1/2014 0:00:00
Manufacturas de origen industrial,Río Negro,12.198,1/1/2014 0:00:00
Manufacturas de origen industrial,Santa Cruz,738.303,1/1/2014 0:00:00
Manufacturas de origen industrial,Tierra del Fuego,76.645,1/1/2014 0:00:00
Manufacturas de origen industrial,Catamarca,89.721,1/1/2014 0:00:00
Manufacturas de origen industrial,Jujuy,41.732,1/1/2014 0:00:00
Manufacturas de origen industrial,La Rioja,116.73,1/1/2014 0:00:00
Manufacturas de origen industrial,Salta,73.353,1/1/2014 0:00:00
Manufacturas de origen industrial,Santiago del Estero,3.163,1/1/2014 0:00:00
Manufacturas de origen industrial,Tucumán,248.254,1/1/2014 0:00:00
Manufacturas de origen industrial,Mendoza,214.035,1/1/2014 0:00:00
Manufacturas de origen industrial,San Juan,1464.583,1/1/2014 0:00:00
Manufacturas de origen industrial,San Luis,202.779,1/1/2014 0:00:00
Manufacturas de origen industrial,Chaco,5.334,1/1/2014 0:00:00
Manufacturas de origen industrial,Corrientes,14.476,1/1/2014 0:00:00
Manufacturas de origen industrial,Formosa,1.956,1/1/2014 0:00:00
Manufacturas de origen industrial,Misiones,146.856,1/1/2014 0:00:00
Combustibles y energía,Buenos Aires,985.697,1/1/2014 0:00:00
Combustibles y energía,Capital Federal,-,1/1/2014 0:00:00
Combustibles y energía,Córdoba,-,1/1/2014 0:00:00
Combustibles y energía,Entre Ríos,-,1/1/2014 0:00:00
Combustibles y energía,La Pampa,-,1/1/2014 0:00:00
Combustibles y energía,Santa Fe,66.003,1/1/2014 0:00:00
Combustibles y energía,Chubut,1281.293,1/1/2014 0:00:00
Combustibles y energía,Neuquén,75.291,1/1/2014 0:00:00
Combustibles y energía,Río Negro,35.265,1/1/2014 0:00:00
Combustibles y energía,Santa Cruz,330.515,1/1/2014 0:00:00
Combustibles y energía,Tierra del Fuego,7.635,1/1/2014 0:00:00
Combustibles y energía,Catamarca,-,1/1/2014 0:00:00
Combustibles y energía,Jujuy,-,1/1/2014 0:00:00
Combustibles y energía,La Rioja,-,1/1/2014 0:00:00
Combustibles y energía,Salta,365.957,1/1/2014 0:00:00
Combustibles y energía,Santiago del Estero,-,1/1/2014 0:00:00
Combustibles y energía,Tucumán,0.6,1/1/2014 0:00:00
Combustibles y energía,Mendoza,33.927,1/1/2014 0:00:00
Combustibles y energía,San Juan,-,1/1/2014 0:00:00
Combustibles y energía,San Luis,-,1/1/2014 0:00:00
Combustibles y energía,Chaco,-,1/1/2014 0:00:00
Combustibles y energía,Corrientes,-,1/1/2014 0:00:00
Combustibles y energía,Formosa,7.774,1/1/2014 0:00:00
Combustibles y energía,Misiones,-,1/1/2014 0:00:00
Productos primarios,Buenos Aires,3509.243,1/1/2015 0:00:00
Productos primarios,Capital Federal,0,1/1/2015 0:00:00
Productos primarios,Córdoba,2991.058,1/1/2015 0:00:00
Productos primarios,Entre Ríos,718.512,1/1/2015 0:00:00
Productos primarios,La Pampa,293.247,1/1/2015 0:00:00
Productos primarios,Santa Fe,1543.432,1/1/2015 0:00:00
Productos primarios,Chubut,488.067,1/1/2015 0:00:00
Productos primarios,Neuquén,41.274,1/1/2015 0:00:00
Productos primarios,Río Negro,330.242,1/1/2015 0:00:00
Productos primarios,Santa Cruz,450.861,1/1/2015 0:00:00
Productos primarios,Tierra del Fuego,83.647,1/1/2015 0:00:00
Productos primarios,Catamarca,484.349,1/1/2015 0:00:00
Productos primarios,Jujuy,224.21,1/1/2015 0:00:00
Productos primarios,La Rioja,5.386,1/1/2015 0:00:00
Productos primarios,Salta,620.158,1/1/2015 0:00:00
Productos primarios,Santiago del Estero,458.276,1/1/2015 0:00:00
Productos primarios,Tucumán,186.029,1/1/2015 0:00:00
Productos primarios,Mendoza,126.56,1/1/2015 0:00:00
Productos primarios,San Juan,67.34,1/1/2015 0:00:00
Productos primarios,San Luis,236.203,1/1/2015 0:00:00
Productos primarios,Chaco,203.151,1/1/2015 0:00:00
Productos primarios,Corrientes,123.529,1/1/2015 0:00:00
Productos primarios,Formosa,16.204,1/1/2015 0:00:00
Productos primarios,Misiones,44.264,1/1/2015 0:00:00
Manufacturas de origen agropecuario,Buenos Aires,5292.653,1/1/2015 0:00:00
Manufacturas de origen agropecuario,Capital Federal,93.846,1/1/2015 0:00:00
Manufacturas de origen agropecuario,Córdoba,3923.303,1/1/2015 0:00:00
Manufacturas de origen agropecuario,Entre Ríos,450.577,1/1/2015 0:00:00
Manufacturas de origen agropecuario,La Pampa,28.727,1/1/2015 0:00:00
Manufacturas de origen agropecuario,Santa Fe,10218.66,1/1/2015 0:00:00
Manufacturas de origen agropecuario,Chubut,120.981,1/1/2015 0:00:00
Manufacturas de origen agropecuario,Neuquén,26.518,1/1/2015 0:00:00
Manufacturas de origen agropecuario,Río Negro,72.029,1/1/2015 0:00:00
Manufacturas de origen agropecuario,Santa Cruz,11.604,1/1/2015 0:00:00
Manufacturas de origen agropecuario,Tierra del Fuego,33.36,1/1/2015 0:00:00
Manufacturas de origen agropecuario,Catamarca,19.576,1/1/2015 0:00:00
Manufacturas de origen agropecuario,Jujuy,44.901,1/1/2015 0:00:00
Manufacturas de origen agropecuario,La Rioja,129.534,1/1/2015 0:00:00
Manufacturas de origen agropecuario,Salta,110.038,1/1/2015 0:00:00
Manufacturas de origen agropecuario,Santiago del Estero,116.33,1/1/2015 0:00:00
Manufacturas de origen agropecuario,Tucumán,324.389,1/1/2015 0:00:00
Manufacturas de origen agropecuario,Mendoza,1013.128,1/1/2015 0:00:00
Manufacturas de origen agropecuario,San Juan,148.646,1/1/2015 0:00:00
Manufacturas de origen agropecuario,San Luis,159.548,1/1/2015 0:00:00
Manufacturas de origen agropecuario,Chaco,59.031,1/1/2015 0:00:00
Manufacturas de origen agropecuario,Corrientes,47.837,1/1/2015 0:00:00
Manufacturas de origen agropecuario,Formosa,14.165,1/1/2015 0:00:00
Manufacturas de origen agropecuario,Misiones,226.975,1/1/2015 0:00:00
Manufacturas de origen industrial,Buenos Aires,9596.335,1/1/2015 0:00:00
Manufacturas de origen industrial,Capital Federal,208.986,1/1/2015 0:00:00
Manufacturas de origen industrial,Córdoba,1623.919,1/1/2015 0:00:00
Manufacturas de origen industrial,Entre Ríos,107.865,1/1/2015 0:00:00
Manufacturas de origen industrial,La Pampa,5.231,1/1/2015 0:00:00
Manufacturas de origen industrial,Santa Fe,1384.151,1/1/2015 0:00:00
Manufacturas de origen industrial,Chubut,516.282,1/1/2015 0:00:00
Manufacturas de origen industrial,Neuquén,51.843,1/1/2015 0:00:00
Manufacturas de origen industrial,Río Negro,20.515,1/1/2015 0:00:00
Manufacturas de origen industrial,Santa Cruz,1455.268,1/1/2015 0:00:00
Manufacturas de origen industrial,Tierra del Fuego,39.166,1/1/2015 0:00:00
Manufacturas de origen industrial,Catamarca,81.433,1/1/2015 0:00:00
Manufacturas de origen industrial,Jujuy,38.492,1/1/2015 0:00:00
Manufacturas de origen industrial,La Rioja,96.457,1/1/2015 0:00:00
Manufacturas de origen industrial,Salta,88.553,1/1/2015 0:00:00
Manufacturas de origen industrial,Santiago del Estero,1.438,1/1/2015 0:00:00
Manufacturas de origen industrial,Tucumán,317.247,1/1/2015 0:00:00
Manufacturas de origen industrial,Mendoza,168.746,1/1/2015 0:00:00
Manufacturas de origen industrial,San Juan,1175.087,1/1/2015 0:00:00
Manufacturas de origen industrial,San Luis,156.188,1/1/2015 0:00:00
Manufacturas de origen industrial,Chaco,4.627,1/1/2015 0:00:00
Manufacturas de origen industrial,Corrientes,2.909,1/1/2015 0:00:00
Manufacturas de origen industrial,Formosa,0.944,1/1/2015 0:00:00
Manufacturas de origen industrial,Misiones,137.934,1/1/2015 0:00:00
Combustibles y energía,Buenos Aires,564.108,1/1/2015 0:00:00
Combustibles y energía,Capital Federal,0,1/1/2015 0:00:00
Combustibles y energía,Córdoba,0,1/1/2015 0:00:00
Combustibles y energía,Entre Ríos,0,1/1/2015 0:00:00
Combustibles y energía,La Pampa,0,1/1/2015 0:00:00
Combustibles y energía,Santa Fe,60.772,1/1/2015 0:00:00
Combustibles y energía,Chubut,530.773,1/1/2015 0:00:00
Combustibles y energía,Neuquén,16.31,1/1/2015 0:00:00
Combustibles y energía,Río Negro,16.06,1/1/2015 0:00:00
Combustibles y energía,Santa Cruz,133.985,1/1/2015 0:00:00
Combustibles y energía,Tierra del Fuego,43.332,1/1/2015 0:00:00
Combustibles y energía,Catamarca,0,1/1/2015 0:00:00
Combustibles y energía,Jujuy,0,1/1/2015 0:00:00
Combustibles y energía,La Rioja,0,1/1/2015 0:00:00
Combustibles y energía,Salta,41.069,1/1/2015 0:00:00
Combustibles y energía,Santiago del Estero,0,1/1/2015 0:00:00
Combustibles y energía,Tucumán,0,1/1/2015 0:00:00
Combustibles y energía,Mendoza,25.72,1/1/2015 0:00:00
Combustibles y energía,San Juan,0,1/1/2015 0:00:00
Combustibles y energía,San Luis,0,1/1/2015 0:00:00
Combustibles y energía,Chaco,0,1/1/2015 0:00:00
Combustibles y energía,Corrientes,0.661,1/1/2015 0:00:00
Combustibles y energía,Formosa,3.22,1/1/2015 0:00:00
Combustibles y energía,Misiones,0,1/1/2015 0:00:00
Productos primarios,Buenos Aires,4270.238,1/1/2016 0:00:00
Productos primarios,Capital Federal,0,1/1/2016 0:00:00
Productos primarios,Córdoba,3066.146,1/1/2016 0:00:00
Productos primarios,Entre Ríos,645.82,1/1/2016 0:00:00
Productos primarios,La Pampa,504.263,1/1/2016 0:00:00
Productos primarios,Santa Fe,1310.203,1/1/2016 0:00:00
Productos primarios,Chubut,593.014,1/1/2016 0:00:00
Productos primarios,Neuquén,39.078,1/1/2016 0:00:00
Productos primarios,Río Negro,307.93,1/1/2016 0:00:00
Productos primarios,Santa Cruz,629.372,1/1/2016 0:00:00
Productos primarios,Tierra del Fuego,73.21,1/1/2016 0:00:00
Productos primarios,Catamarca,676.126,1/1/2016 0:00:00
Productos primarios,Jujuy,327.029,1/1/2016 0:00:00
Productos primarios,La Rioja,6.421,1/1/2016 0:00:00
Productos primarios,Salta,858.786,1/1/2016 0:00:00
Productos primarios,Santiago del Estero,834.521,1/1/2016 0:00:00
Productos primarios,Tucumán,420.94,1/1/2016 0:00:00
Productos primarios,Mendoza,177.01,1/1/2016 0:00:00
Productos primarios,San Juan,73.373,1/1/2016 0:00:00
Productos primarios,San Luis,284.981,1/1/2016 0:00:00
Productos primarios,Chaco,296.4,1/1/2016 0:00:00
Productos primarios,Corrientes,174.899,1/1/2016 0:00:00
Productos primarios,Formosa,23.362,1/1/2016 0:00:00
Productos primarios,Misiones,46.68,1/1/2016 0:00:00
Manufacturas de origen agropecuario,Buenos Aires,5299.144,1/1/2016 0:00:00
Manufacturas de origen agropecuario,Capital Federal,82.507,1/1/2016 0:00:00
Manufacturas de origen agropecuario,Córdoba,4165.09,1/1/2016 0:00:00
Manufacturas de origen agropecuario,Entre Ríos,375.242,1/1/2016 0:00:00
Manufacturas de origen agropecuario,La Pampa,56.938,1/1/2016 0:00:00
Manufacturas de origen agropecuario,Santa Fe,10395.942,1/1/2016 0:00:00
Manufacturas de origen agropecuario,Chubut,147.27,1/1/2016 0:00:00
Manufacturas de origen agropecuario,Neuquén,17.02,1/1/2016 0:00:00
Manufacturas de origen agropecuario,Río Negro,70.709,1/1/2016 0:00:00
Manufacturas de origen agropecuario,Santa Cruz,10.092,1/1/2016 0:00:00
Manufacturas de origen agropecuario,Tierra del Fuego,29.968,1/1/2016 0:00:00
Manufacturas de origen agropecuario,Catamarca,12.03,1/1/2016 0:00:00
Manufacturas de origen agropecuario,Jujuy,75.451,1/1/2016 0:00:00
Manufacturas de origen agropecuario,La Rioja,128.843,1/1/2016 0:00:00
Manufacturas de origen agropecuario,Salta,117.489,1/1/2016 0:00:00
Manufacturas de origen agropecuario,Santiago del Estero,58.533,1/1/2016 0:00:00
Manufacturas de origen agropecuario,Tucumán,499.307,1/1/2016 0:00:00
Manufacturas de origen agropecuario,Mendoza,975.527,1/1/2016 0:00:00
Manufacturas de origen agropecuario,San Juan,150.584,1/1/2016 0:00:00
Manufacturas de origen agropecuario,San Luis,165.848,1/1/2016 0:00:00
Manufacturas de origen agropecuario,Chaco,66.425,1/1/2016 0:00:00
Manufacturas de origen agropecuario,Corrientes,42.662,1/1/2016 0:00:00
Manufacturas de origen agropecuario,Formosa,10.146,1/1/2016 0:00:00
Manufacturas de origen agropecuario,Misiones,185.41,1/1/2016 0:00:00
Manufacturas de origen industrial,Buenos Aires,8411.969,1/1/2016 0:00:00
Manufacturas de origen industrial,Capital Federal,232.564,1/1/2016 0:00:00
Manufacturas de origen industrial,Córdoba,1188.172,1/1/2016 0:00:00
Manufacturas de origen industrial,Entre Ríos,102.266,1/1/2016 0:00:00
Manufacturas de origen industrial,La Pampa,4.235,1/1/2016 0:00:00
Manufacturas de origen industrial,Santa Fe,2081.348,1/1/2016 0:00:00
Manufacturas de origen industrial,Chubut,600.123,1/1/2016 0:00:00
Manufacturas de origen industrial,Neuquén,8.456,1/1/2016 0:00:00
Manufacturas de origen industrial,Río Negro,4.358,1/1/2016 0:00:00
Manufacturas de origen industrial,Santa Cruz,1261.112,1/1/2016 0:00:00
Manufacturas de origen industrial,Tierra del Fuego,33.806,1/1/2016 0:00:00
Manufacturas de origen industrial,Catamarca,122.628,1/1/2016 0:00:00
Manufacturas de origen industrial,Jujuy,131.211,1/1/2016 0:00:00
Manufacturas de origen industrial,La Rioja,73.309,1/1/2016 0:00:00
Manufacturas de origen industrial,Salta,88.855,1/1/2016 0:00:00
Manufacturas de origen industrial,Santiago del Estero,0,1/1/2016 0:00:00
Manufacturas de origen industrial,Tucumán,282.305,1/1/2016 0:00:00
Manufacturas de origen industrial,Mendoza,142.838,1/1/2016 0:00:00
Manufacturas de origen industrial,San Juan,1037.985,1/1/2016 0:00:00
Manufacturas de origen industrial,San Luis,111.932,1/1/2016 0:00:00
Manufacturas de origen industrial,Chaco,4.721,1/1/2016 0:00:00
Manufacturas de origen industrial,Corrientes,6.616,1/1/2016 0:00:00
Manufacturas de origen industrial,Formosa,1.082,1/1/2016 0:00:00
Manufacturas de origen industrial,Misiones,124.041,1/1/2016 0:00:00
Combustibles y energía,Buenos Aires,552.831,1/1/2016 0:00:00
Combustibles y energía,Capital Federal,0,1/1/2016 0:00:00
Combustibles y energía,Córdoba,0,1/1/2016 0:00:00
Combustibles y energía,Entre Ríos,0,1/1/2016 0:00:00
Combustibles y energía,La Pampa,0,1/1/2016 0:00:00
Combustibles y energía,Santa Fe,41.887,1/1/2016 0:00:00
Combustibles y energía,Chubut,592.173,1/1/2016 0:00:00
Combustibles y energía,Neuquén,8.055,1/1/2016 0:00:00
Combustibles y energía,Río Negro,12.88,1/1/2016 0:00:00
Combustibles y energía,Santa Cruz,149.484,1/1/2016 0:00:00
Combustibles y energía,Tierra del Fuego,39.182,1/1/2016 0:00:00
Combustibles y energía,Catamarca,0,1/1/2016 0:00:00
Combustibles y energía,Jujuy,0,1/1/2016 0:00:00
Combustibles y energía,La Rioja,0,1/1/2016 0:00:00
Combustibles y energía,Salta,10.283,1/1/2016 0:00:00
Combustibles y energía,Santiago del Estero,0,1/1/2016 0:00:00
Combustibles y energía,Tucumán,0,1/1/2016 0:00:00
Combustibles y energía,Mendoza,29.02,1/1/2016 0:00:00
Combustibles y energía,San Juan,0,1/1/2016 0:00:00
Combustibles y energía,San Luis,0,1/1/2016 0:00:00
Combustibles y energía,Chaco,0,1/1/2016 0:00:00
Combustibles y energía,Corrientes,2.481,1/1/2016 0:00:00
Combustibles y energía,Formosa,3.593,1/1/2016 0:00:00
Combustibles y energía,Misiones,0,1/1/2016 0:00:00
Productos primarios,Buenos Aires,3857.019,1/1/2017 0:00:00
Productos primarios,Capital Federal,0,1/1/2017 0:00:00
Productos primarios,Córdoba,3050.513,1/1/2017 0:00:00
Productos primarios,Entre Ríos,713.835,1/1/2017 0:00:00
Productos primarios,La Pampa,337.813,1/1/2017 0:00:00
Productos primarios,Santa Fe,1433.09,1/1/2017 0:00:00
Productos primarios,Chubut,819.309,1/1/2017 0:00:00
Productos primarios,Neuquén,40.063,1/1/2017 0:00:00
Productos primarios,Río Negro,296.07,1/1/2017 0:00:00
Productos primarios,Santa Cruz,589.891,1/1/2017 0:00:00
Productos primarios,Tierra del Fuego,70.415,1/1/2017 0:00:00
Productos primarios,Catamarca,436.692,1/1/2017 0:00:00
Productos primarios,Jujuy,291.076,1/1/2017 0:00:00
Productos primarios,La Rioja,10.377,1/1/2017 0:00:00
Productos primarios,Salta,651.609,1/1/2017 0:00:00
Productos primarios,Santiago del Estero,738.192,1/1/2017 0:00:00
Productos primarios,Tucumán,337.494,1/1/2017 0:00:00
Productos primarios,Mendoza,214.887,1/1/2017 0:00:00
Productos primarios,San Juan,66.948,1/1/2017 0:00:00
Productos primarios,San Luis,265.901,1/1/2017 0:00:00
Productos primarios,Chaco,289.87,1/1/2017 0:00:00
Productos primarios,Corrientes,127.379,1/1/2017 0:00:00
Productos primarios,Formosa,21.833,1/1/2017 0:00:00
Productos primarios,Misiones,74.18,1/1/2017 0:00:00
Manufacturas de origen agropecuario,Buenos Aires,5375.539,1/1/2017 0:00:00
Manufacturas de origen agropecuario,Capital Federal,84.545,1/1/2017 0:00:00
Manufacturas de origen agropecuario,Córdoba,3859.33,1/1/2017 0:00:00
Manufacturas de origen agropecuario,Entre Ríos,404.273,1/1/2017 0:00:00
Manufacturas de origen agropecuario,La Pampa,54.893,1/1/2017 0:00:00
Manufacturas de origen agropecuario,Santa Fe,9922.698,1/1/2017 0:00:00
Manufacturas de origen agropecuario,Chubut,152.184,1/1/2017 0:00:00
Manufacturas de origen agropecuario,Neuquén,9.519,1/1/2017 0:00:00
Manufacturas de origen agropecuario,Río Negro,60.1,1/1/2017 0:00:00
Manufacturas de origen agropecuario,Santa Cruz,12.163,1/1/2017 0:00:00
Manufacturas de origen agropecuario,Tierra del Fuego,22.309,1/1/2017 0:00:00
Manufacturas de origen agropecuario,Catamarca,27.397,1/1/2017 0:00:00
Manufacturas de origen agropecuario,Jujuy,65.426,1/1/2017 0:00:00
Manufacturas de origen agropecuario,La Rioja,161.092,1/1/2017 0:00:00
Manufacturas de origen agropecuario,Salta,109.619,1/1/2017 0:00:00
Manufacturas de origen agropecuario,Santiago del Estero,55.109,1/1/2017 0:00:00
Manufacturas de origen agropecuario,Tucumán,363.202,1/1/2017 0:00:00
Manufacturas de origen agropecuario,Mendoza,951.219,1/1/2017 0:00:00
Manufacturas de origen agropecuario,San Juan,172.353,1/1/2017 0:00:00
Manufacturas de origen agropecuario,San Luis,181.944,1/1/2017 0:00:00
Manufacturas de origen agropecuario,Chaco,65.995,1/1/2017 0:00:00
Manufacturas de origen agropecuario,Corrientes,51.571,1/1/2017 0:00:00
Manufacturas de origen agropecuario,Formosa,11.485,1/1/2017 0:00:00
Manufacturas de origen agropecuario,Misiones,196.331,1/1/2017 0:00:00
Manufacturas de origen industrial,Buenos Aires,9145.28,1/1/2017 0:00:00
Manufacturas de origen industrial,Capital Federal,248.947,1/1/2017 0:00:00
Manufacturas de origen industrial,Córdoba,1158.33,1/1/2017 0:00:00
Manufacturas de origen industrial,Entre Ríos,117.1,1/1/2017 0:00:00
Manufacturas de origen industrial,La Pampa,3.726,1/1/2017 0:00:00
Manufacturas de origen industrial,Santa Fe,2344.858,1/1/2017 0:00:00
Manufacturas de origen industrial,Chubut,760.994,1/1/2017 0:00:00
Manufacturas de origen industrial,Neuquén,6.951,1/1/2017 0:00:00
Manufacturas de origen industrial,Río Negro,4.522,1/1/2017 0:00:00
Manufacturas de origen industrial,Santa Cruz,1365.98,1/1/2017 0:00:00
Manufacturas de origen industrial,Tierra del Fuego,42.893,1/1/2017 0:00:00
Manufacturas de origen industrial,Catamarca,146.219,1/1/2017 0:00:00
Manufacturas de origen industrial,Jujuy,180.408,1/1/2017 0:00:00
Manufacturas de origen industrial,La Rioja,74.377,1/1/2017 0:00:00
Manufacturas de origen industrial,Salta,87.454,1/1/2017 0:00:00
Manufacturas de origen industrial,Santiago del Estero,0,1/1/2017 0:00:00
Manufacturas de origen industrial,Tucumán,350.688,1/1/2017 0:00:00
Manufacturas de origen industrial,Mendoza,135.587,1/1/2017 0:00:00
Manufacturas de origen industrial,San Juan,1200.923,1/1/2017 0:00:00
Manufacturas de origen industrial,San Luis,139.057,1/1/2017 0:00:00
Manufacturas de origen industrial,Chaco,9.888,1/1/2017 0:00:00
Manufacturas de origen industrial,Corrientes,12.09,1/1/2017 0:00:00
Manufacturas de origen industrial,Formosa,1.584,1/1/2017 0:00:00
Manufacturas de origen industrial,Misiones,148.452,1/1/2017 0:00:00
Combustibles y energía,Buenos Aires,863.005,1/1/2017 0:00:00
Combustibles y energía,Capital Federal,0,1/1/2017 0:00:00
Combustibles y energía,Córdoba,0,1/1/2017 0:00:00
Combustibles y energía,Entre Ríos,0,1/1/2017 0:00:00
Combustibles y energía,La Pampa,0,1/1/2017 0:00:00
Combustibles y energía,Santa Fe,60.388,1/1/2017 0:00:00
Combustibles y energía,Chubut,462.827,1/1/2017 0:00:00
Combustibles y energía,Neuquén,3.403,1/1/2017 0:00:00
Combustibles y energía,Río Negro,17.988,1/1/2017 0:00:00
Combustibles y energía,Santa Cruz,117.788,1/1/2017 0:00:00
Combustibles y energía,Tierra del Fuego,26.342,1/1/2017 0:00:00
Combustibles y energía,Catamarca,0,1/1/2017 0:00:00
Combustibles y energía,Jujuy,0,1/1/2017 0:00:00
Combustibles y energía,La Rioja,0,1/1/2017 0:00:00
Combustibles y energía,Salta,32.209,1/1/2017 0:00:00
Combustibles y energía,Santiago del Estero,0,1/1/2017 0:00:00
Combustibles y energía,Tucumán,0,1/1/2017 0:00:00
Combustibles y energía,Mendoza,47.983,1/1/2017 0:00:00
Combustibles y energía,San Juan,0,1/1/2017 0:00:00
Combustibles y energía,San Luis,0,1/1/2017 0:00:00
Combustibles y energía,Chaco,0,1/1/2017 0:00:00
Combustibles y energía,Corrientes,0,1/1/2017 0:00:00
Combustibles y energía,Formosa,2.808,1/1/2017 0:00:00
Combustibles y energía,Misiones,3.781,1/1/2017 0:00:00
Productos primarios,Buenos Aires,4021.452,1/1/2018 0:00:00
Productos primarios,Capital Federal,0,1/1/2018 0:00:00
Productos primarios,Córdoba,2497.72,1/1/2018 0:00:00
Productos primarios,Entre Ríos,746.376,1/1/2018 0:00:00
Productos primarios,La Pampa,346.927,1/1/2018 0:00:00
Productos primarios,Santa Fe,1252.007,1/1/2018 0:00:00
Productos primarios,Chubut,884.778,1/1/2018 0:00:00
Productos primarios,Neuquén,60.998,1/1/2018 0:00:00
Productos primarios,Río Negro,360.069,1/1/2018 0:00:00
Productos primarios,Santa Cruz,527.691,1/1/2018 0:00:00
Productos primarios,Tierra del Fuego,66.73,1/1/2018 0:00:00
Productos primarios,Catamarca,299.526,1/1/2018 0:00:00
Productos primarios,Jujuy,204.301,1/1/2018 0:00:00
Productos primarios,La Rioja,6.264,1/1/2018 0:00:00
Productos primarios,Salta,615.052,1/1/2018 0:00:00
Productos primarios,Santiago del Estero,703.298,1/1/2018 0:00:00
Productos primarios,Tucumán,369.479,1/1/2018 0:00:00
Productos primarios,Mendoza,171.506,1/1/2018 0:00:00
Productos primarios,San Juan,53.582,1/1/2018 0:00:00
Productos primarios,San Luis,177.007,1/1/2018 0:00:00
Productos primarios,Chaco,245.9,1/1/2018 0:00:00
Productos primarios,Corrientes,136.509,1/1/2018 0:00:00
Productos primarios,Formosa,21.135,1/1/2018 0:00:00
Productos primarios,Misiones,81.695,1/1/2018 0:00:00
Manufacturas de origen agropecuario,Buenos Aires,5685.951,1/1/2018 0:00:00
Manufacturas de origen agropecuario,Capital Federal,89.483,1/1/2018 0:00:00
Manufacturas de origen agropecuario,Córdoba,3596.707,1/1/2018 0:00:00
Manufacturas de origen agropecuario,Entre Ríos,484.548,1/1/2018 0:00:00
Manufacturas de origen agropecuario,La Pampa,67.282,1/1/2018 0:00:00
Manufacturas de origen agropecuario,Santa Fe,10060.178,1/1/2018 0:00:00
Manufacturas de origen agropecuario,Chubut,169.888,1/1/2018 0:00:00
Manufacturas de origen agropecuario,Neuquén,7.248,1/1/2018 0:00:00
Manufacturas de origen agropecuario,Río Negro,66.104,1/1/2018 0:00:00
Manufacturas de origen agropecuario,Santa Cruz,21.841,1/1/2018 0:00:00
Manufacturas de origen agropecuario,Tierra del Fuego,36.693,1/1/2018 0:00:00
Manufacturas de origen agropecuario,Catamarca,12.154,1/1/2018 0:00:00
Manufacturas de origen agropecuario,Jujuy,54.613,1/1/2018 0:00:00
Manufacturas de origen agropecuario,La Rioja,142.796,1/1/2018 0:00:00
Manufacturas de origen agropecuario,Salta,106.632,1/1/2018 0:00:00
Manufacturas de origen agropecuario,Santiago del Estero,68.392,1/1/2018 0:00:00
Manufacturas de origen agropecuario,Tucumán,344.113,1/1/2018 0:00:00
Manufacturas de origen agropecuario,Mendoza,999.485,1/1/2018 0:00:00
Manufacturas de origen agropecuario,San Juan,205.893,1/1/2018 0:00:00
Manufacturas de origen agropecuario,San Luis,214.424,1/1/2018 0:00:00
Manufacturas de origen agropecuario,Chaco,62.49,1/1/2018 0:00:00
Manufacturas de origen agropecuario,Corrientes,56.768,1/1/2018 0:00:00
Manufacturas de origen agropecuario,Formosa,14.39,1/1/2018 0:00:00
Manufacturas de origen agropecuario,Misiones,215.727,1/1/2018 0:00:00
Manufacturas de origen industrial,Buenos Aires,10292.137,1/1/2018 0:00:00
Manufacturas de origen industrial,Capital Federal,234.391,1/1/2018 0:00:00
Manufacturas de origen industrial,Córdoba,1759.782,1/1/2018 0:00:00
Manufacturas de origen industrial,Entre Ríos,121.126,1/1/2018 0:00:00
Manufacturas de origen industrial,La Pampa,3.2,1/1/2018 0:00:00
Manufacturas de origen industrial,Santa Fe,2264.811,1/1/2018 0:00:00
Manufacturas de origen industrial,Chubut,886.435,1/1/2018 0:00:00
Manufacturas de origen industrial,Neuquén,44.982,1/1/2018 0:00:00
Manufacturas de origen industrial,Río Negro,4.039,1/1/2018 0:00:00
Manufacturas de origen industrial,Santa Cruz,1538.092,1/1/2018 0:00:00
Manufacturas de origen industrial,Tierra del Fuego,27.107,1/1/2018 0:00:00
Manufacturas de origen industrial,Catamarca,157.565,1/1/2018 0:00:00
Manufacturas de origen industrial,Jujuy,227.316,1/1/2018 0:00:00
Manufacturas de origen industrial,La Rioja,74.899,1/1/2018 0:00:00
Manufacturas de origen industrial,Salta,93.506,1/1/2018 0:00:00
Manufacturas de origen industrial,Santiago del Estero,0,1/1/2018 0:00:00
Manufacturas de origen industrial,Tucumán,403.264,1/1/2018 0:00:00
Manufacturas de origen industrial,Mendoza,273.093,1/1/2018 0:00:00
Manufacturas de origen industrial,San Juan,1019.402,1/1/2018 0:00:00
Manufacturas de origen industrial,San Luis,143.217,1/1/2018 0:00:00
Manufacturas de origen industrial,Chaco,4.557,1/1/2018 0:00:00
Manufacturas de origen industrial,Corrientes,12.922,1/1/2018 0:00:00
Manufacturas de origen industrial,Formosa,2.129,1/1/2018 0:00:00
Manufacturas de origen industrial,Misiones,187.368,1/1/2018 0:00:00
Combustibles y energía,Buenos Aires,1290.586,1/1/2018 0:00:00
Combustibles y energía,Capital Federal,0,1/1/2018 0:00:00
Combustibles y energía,Córdoba,0,1/1/2018 0:00:00
Combustibles y energía,Entre Ríos,1.568,1/1/2018 0:00:00
Combustibles y energía,La Pampa,0,1/1/2018 0:00:00
Combustibles y energía,Santa Fe,80.849,1/1/2018 0:00:00
Combustibles y energía,Chubut,1194.669,1/1/2018 0:00:00
Combustibles y energía,Neuquén,9.817,1/1/2018 0:00:00
Combustibles y energía,Río Negro,19.155,1/1/2018 0:00:00
Combustibles y energía,Santa Cruz,326.918,1/1/2018 0:00:00
Combustibles y energía,Tierra del Fuego,56.02,1/1/2018 0:00:00
Combustibles y energía,Catamarca,0,1/1/2018 0:00:00
Combustibles y energía,Jujuy,0,1/1/2018 0:00:00
Combustibles y energía,La Rioja,0,1/1/2018 0:00:00
Combustibles y energía,Salta,39.261,1/1/2018 0:00:00
Combustibles y energía,Santiago del Estero,0,1/1/2018 0:00:00
Combustibles y energía,Tucumán,0,1/1/2018 0:00:00
Combustibles y energía,Mendoza,78.279,1/1/2018 0:00:00
Combustibles y energía,San Juan,0,1/1/2018 0:00:00
Combustibles y energía,San Luis,0,1/1/2018 0:00:00
Combustibles y energía,Chaco,0,1/1/2018 0:00:00
Combustibles y energía,Corrientes,22.317,1/1/2018 0:00:00
Combustibles y energía,Formosa,7.249,1/1/2018 0:00:00
Combustibles y energía,Misiones,0,1/1/2018 0:00:00
Productos primarios,Buenos Aires,5072.666,1/1/2019 0:00:00
Productos primarios,Capital Federal,0,1/1/2019 0:00:00
Productos primarios,Córdoba,3828.737,1/1/2019 0:00:00
Productos primarios,Entre Ríos,718.447,1/1/2019 0:00:00
Productos primarios,La Pampa,435.696,1/1/2019 0:00:00
Productos primarios,Santa Fe,1889.401,1/1/2019 0:00:00
Productos primarios,Chubut,759.134,1/1/2019 0:00:00
Productos primarios,Neuquén,54.274,1/1/2019 0:00:00
Productos primarios,Río Negro,303.345,1/1/2019 0:00:00
Productos primarios,Santa Cruz,488.286,1/1/2019 0:00:00
Productos primarios,Tierra del Fuego,63.741,1/1/2019 0:00:00
Productos primarios,Catamarca,30.272,1/1/2019 0:00:00
Productos primarios,Jujuy,289.756,1/1/2019 0:00:00
Productos primarios,La Rioja,8.096,1/1/2019 0:00:00
Productos primarios,Salta,772.69,1/1/2019 0:00:00
Productos primarios,Santiago del Estero,1046.473,1/1/2019 0:00:00
Productos primarios,Tucumán,336.841,1/1/2019 0:00:00
Productos primarios,Mendoza,168.292,1/1/2019 0:00:00
Productos primarios,San Juan,52.27,1/1/2019 0:00:00
Productos primarios,San Luis,308.003,1/1/2019 0:00:00
Productos primarios,Chaco,433.66,1/1/2019 0:00:00
Productos primarios,Corrientes,137.744,1/1/2019 0:00:00
Productos primarios,Formosa,59.702,1/1/2019 0:00:00
Productos primarios,Misiones,64.916,1/1/2019 0:00:00
Manufacturas de origen agropecuario,Buenos Aires,6221.677,1/1/2019 0:00:00
Manufacturas de origen agropecuario,Capital Federal,77.622,1/1/2019 0:00:00
Manufacturas de origen agropecuario,Córdoba,3655.559,1/1/2019 0:00:00
Manufacturas de origen agropecuario,Entre Ríos,608.868,1/1/2019 0:00:00
Manufacturas de origen agropecuario,La Pampa,116.51,1/1/2019 0:00:00
Manufacturas de origen agropecuario,Santa Fe,10390.548,1/1/2019 0:00:00
Manufacturas de origen agropecuario,Chubut,148.273,1/1/2019 0:00:00
Manufacturas de origen agropecuario,Neuquén,6.231,1/1/2019 0:00:00
Manufacturas de origen agropecuario,Río Negro,80.686,1/1/2019 0:00:00
Manufacturas de origen agropecuario,Santa Cruz,30.561,1/1/2019 0:00:00
Manufacturas de origen agropecuario,Tierra del Fuego,39.017,1/1/2019 0:00:00
Manufacturas de origen agropecuario,Catamarca,10.481,1/1/2019 0:00:00
Manufacturas de origen agropecuario,Jujuy,56.512,1/1/2019 0:00:00
Manufacturas de origen agropecuario,La Rioja,150.455,1/1/2019 0:00:00
Manufacturas de origen agropecuario,Salta,101.703,1/1/2019 0:00:00
Manufacturas de origen agropecuario,Santiago del Estero,65.999,1/1/2019 0:00:00
Manufacturas de origen agropecuario,Tucumán,272.97,1/1/2019 0:00:00
Manufacturas de origen agropecuario,Mendoza,982.151,1/1/2019 0:00:00
Manufacturas de origen agropecuario,San Juan,175.072,1/1/2019 0:00:00
Manufacturas de origen agropecuario,San Luis,280.736,1/1/2019 0:00:00
Manufacturas de origen agropecuario,Chaco,61.615,1/1/2019 0:00:00
Manufacturas de origen agropecuario,Corrientes,63.23,1/1/2019 0:00:00
Manufacturas de origen agropecuario,Formosa,11.809,1/1/2019 0:00:00
Manufacturas de origen agropecuario,Misiones,215.122,1/1/2019 0:00:00
Manufacturas de origen industrial,Buenos Aires,9383.922,1/1/2019 0:00:00
Manufacturas de origen industrial,Capital Federal,250.41,1/1/2019 0:00:00
Manufacturas de origen industrial,Córdoba,1540.136,1/1/2019 0:00:00
Manufacturas de origen industrial,Entre Ríos,113.797,1/1/2019 0:00:00
Manufacturas de origen industrial,La Pampa,3.676,1/1/2019 0:00:00
Manufacturas de origen industrial,Santa Fe,1917.588,1/1/2019 0:00:00
Manufacturas de origen industrial,Chubut,761.255,1/1/2019 0:00:00
Manufacturas de origen industrial,Neuquén,34.814,1/1/2019 0:00:00
Manufacturas de origen industrial,Río Negro,15.352,1/1/2019 0:00:00
Manufacturas de origen industrial,Santa Cruz,1618.484,1/1/2019 0:00:00
Manufacturas de origen industrial,Tierra del Fuego,35.459,1/1/2019 0:00:00
Manufacturas de origen industrial,Catamarca,102.326,1/1/2019 0:00:00
Manufacturas de origen industrial,Jujuy,142.402,1/1/2019 0:00:00
Manufacturas de origen industrial,La Rioja,85.885,1/1/2019 0:00:00
Manufacturas de origen industrial,Salta,84.7,1/1/2019 0:00:00
Manufacturas de origen industrial,Santiago del Estero,0,1/1/2019 0:00:00
Manufacturas de origen industrial,Tucumán,339.986,1/1/2019 0:00:00
Manufacturas de origen industrial,Mendoza,242.643,1/1/2019 0:00:00
Manufacturas de origen industrial,San Juan,1018.643,1/1/2019 0:00:00
Manufacturas de origen industrial,San Luis,141.525,1/1/2019 0:00:00
Manufacturas de origen industrial,Chaco,5.079,1/1/2019 0:00:00
Manufacturas de origen industrial,Corrientes,13.215,1/1/2019 0:00:00
Manufacturas de origen industrial,Formosa,1.532,1/1/2019 0:00:00
Manufacturas de origen industrial,Misiones,150.02,1/1/2019 0:00:00
Combustibles y energía,Buenos Aires,2305.988,1/1/2019 0:00:00
Combustibles y energía,Capital Federal,0,1/1/2019 0:00:00
Combustibles y energía,Córdoba,19.473,1/1/2019 0:00:00
Combustibles y energía,Entre Ríos,0,1/1/2019 0:00:00
Combustibles y energía,La Pampa,0,1/1/2019 0:00:00
Combustibles y energía,Santa Fe,70.463,1/1/2019 0:00:00
Combustibles y energía,Chubut,1184.984,1/1/2019 0:00:00
Combustibles y energía,Neuquén,264.481,1/1/2019 0:00:00
Combustibles y energía,Río Negro,9.747,1/1/2019 0:00:00
Combustibles y energía,Santa Cruz,321.201,1/1/2019 0:00:00
Combustibles y energía,Tierra del Fuego,114.681,1/1/2019 0:00:00
Combustibles y energía,Catamarca,0,1/1/2019 0:00:00
Combustibles y energía,Jujuy,0,1/1/2019 0:00:00
Combustibles y energía,La Rioja,0,1/1/2019 0:00:00
Combustibles y energía,Salta,34.121,1/1/2019 0:00:00
Combustibles y energía,Santiago del Estero,0,1/1/2019 0:00:00
Combustibles y energía,Tucumán,2.099,1/1/2019 0:00:00
Combustibles y energía,Mendoza,61.358,1/1/2019 0:00:00
Combustibles y energía,San Juan,0,1/1/2019 0:00:00
Combustibles y energía,San Luis,0,1/1/2019 0:00:00
Combustibles y energía,Chaco,0,1/1/2019 0:00:00
Combustibles y energía,Corrientes,3.216,1/1/2019 0:00:00
Combustibles y energía,Formosa,7.12,1/1/2019 0:00:00
Combustibles y energía,Misiones,0,1/1/2019 0:00:00
Productos primarios,Buenos Aires,4235.989,1/1/2020 0:00:00
Productos primarios,Capital Federal,0,1/1/2020 0:00:00
Productos primarios,Córdoba,3933.287,1/1/2020 0:00:00
Productos primarios,Entre Ríos,736.132,1/1/2020 0:00:00
Productos primarios,La Pampa,447.397,1/1/2020 0:00:00
Productos primarios,Santa Fe,1801.049,1/1/2020 0:00:00
Productos primarios,Chubut,602.473,1/1/2020 0:00:00
Productos primarios,Neuquén,40.455,1/1/2020 0:00:00
Productos primarios,Río Negro,294.365,1/1/2020 0:00:00
Productos primarios,Santa Cruz,370.521,1/1/2020 0:00:00
Productos primarios,Tierra del Fuego,49.745,1/1/2020 0:00:00
Productos primarios,Catamarca,24.076,1/1/2020 0:00:00
Productos primarios,Jujuy,184.639,1/1/2020 0:00:00
Productos primarios,La Rioja,5.28,1/1/2020 0:00:00
Productos primarios,Salta,722.462,1/1/2020 0:00:00
Productos primarios,Santiago del Estero,1070.833,1/1/2020 0:00:00
Productos primarios,Tucumán,274.227,1/1/2020 0:00:00
Productos primarios,Mendoza,202.457,1/1/2020 0:00:00
Productos primarios,San Juan,64.816,1/1/2020 0:00:00
Productos primarios,San Luis,187.478,1/1/2020 0:00:00
Productos primarios,Chaco,325.66,1/1/2020 0:00:00
Productos primarios,Corrientes,126.282,1/1/2020 0:00:00
Productos primarios,Formosa,16.328,1/1/2020 0:00:00
Productos primarios,Misiones,64.861,1/1/2020 0:00:00
Manufacturas de origen agropecuario,Buenos Aires,7017.237,1/1/2020 0:00:00
Manufacturas de origen agropecuario,Capital Federal,50.819,1/1/2020 0:00:00
Manufacturas de origen agropecuario,Córdoba,3118.402,1/1/2020 0:00:00
Manufacturas de origen agropecuario,Entre Ríos,547.678,1/1/2020 0:00:00
Manufacturas de origen agropecuario,La Pampa,141.602,1/1/2020 0:00:00
Manufacturas de origen agropecuario,Santa Fe,8235.939,1/1/2020 0:00:00
Manufacturas de origen agropecuario,Chubut,74.259,1/1/2020 0:00:00
Manufacturas de origen agropecuario,Neuquén,5.326,1/1/2020 0:00:00
Manufacturas de origen agropecuario,Río Negro,72.151,1/1/2020 0:00:00
Manufacturas de origen agropecuario,Santa Cruz,34.19,1/1/2020 0:00:00
Manufacturas de origen agropecuario,Tierra del Fuego,34.109,1/1/2020 0:00:00
Manufacturas de origen agropecuario,Catamarca,8.956,1/1/2020 0:00:00
Manufacturas de origen agropecuario,Jujuy,69.02,1/1/2020 0:00:00
Manufacturas de origen agropecuario,La Rioja,102.986,1/1/2020 0:00:00
Manufacturas de origen agropecuario,Salta,84.054,1/1/2020 0:00:00
Manufacturas de origen agropecuario,Santiago del Estero,49.245,1/1/2020 0:00:00
Manufacturas de origen agropecuario,Tucumán,226.731,1/1/2020 0:00:00
Manufacturas de origen agropecuario,Mendoza,977.066,1/1/2020 0:00:00
Manufacturas de origen agropecuario,San Juan,151.341,1/1/2020 0:00:00
Manufacturas de origen agropecuario,San Luis,275.667,1/1/2020 0:00:00
Manufacturas de origen agropecuario,Chaco,47.065,1/1/2020 0:00:00
Manufacturas de origen agropecuario,Corrientes,66.977,1/1/2020 0:00:00
Manufacturas de origen agropecuario,Formosa,8.131,1/1/2020 0:00:00
Manufacturas de origen agropecuario,Misiones,214.502,1/1/2020 0:00:00
Manufacturas de origen industrial,Buenos Aires,6500.491,1/1/2020 0:00:00
Manufacturas de origen industrial,Capital Federal,229.931,1/1/2020 0:00:00
Manufacturas de origen industrial,Córdoba,1097.335,1/1/2020 0:00:00
Manufacturas de origen industrial,Entre Ríos,108.443,1/1/2020 0:00:00
Manufacturas de origen industrial,La Pampa,3.325,1/1/2020 0:00:00
Manufacturas de origen industrial,Santa Fe,1141.792,1/1/2020 0:00:00
Manufacturas de origen industrial,Chubut,493.089,1/1/2020 0:00:00
Manufacturas de origen industrial,Neuquén,16.77,1/1/2020 0:00:00
Manufacturas de origen industrial,Río Negro,3.237,1/1/2020 0:00:00
Manufacturas de origen industrial,Santa Cruz,1283.669,1/1/2020 0:00:00
Manufacturas de origen industrial,Tierra del Fuego,31.661,1/1/2020 0:00:00
Manufacturas de origen industrial,Catamarca,103.983,1/1/2020 0:00:00
Manufacturas de origen industrial,Jujuy,74.885,1/1/2020 0:00:00
Manufacturas de origen industrial,La Rioja,64.682,1/1/2020 0:00:00
Manufacturas de origen industrial,Salta,96.954,1/1/2020 0:00:00
Manufacturas de origen industrial,Santiago del Estero,0,1/1/2020 0:00:00
Manufacturas de origen industrial,Tucumán,271.295,1/1/2020 0:00:00
Manufacturas de origen industrial,Mendoza,136.411,1/1/2020 0:00:00
Manufacturas de origen industrial,San Juan,903.697,1/1/2020 0:00:00
Manufacturas de origen industrial,San Luis,105.473,1/1/2020 0:00:00
Manufacturas de origen industrial,Chaco,3.236,1/1/2020 0:00:00
Manufacturas de origen industrial,Corrientes,18.619,1/1/2020 0:00:00
Manufacturas de origen industrial,Formosa,0.818,1/1/2020 0:00:00
Manufacturas de origen industrial,Misiones,112.864,1/1/2020 0:00:00
Combustibles y energía,Buenos Aires,1674.618,1/1/2020 0:00:00
Combustibles y energía,Capital Federal,0,1/1/2020 0:00:00
Combustibles y energía,Córdoba,13.906,1/1/2020 0:00:00
Combustibles y energía,Entre Ríos,33.033,1/1/2020 0:00:00
Combustibles y energía,La Pampa,0,1/1/2020 0:00:00
Combustibles y energía,Santa Fe,60.247,1/1/2020 0:00:00
Combustibles y energía,Chubut,859.721,1/1/2020 0:00:00
Combustibles y energía,Neuquén,180.995,1/1/2020 0:00:00
Combustibles y energía,Río Negro,6.573,1/1/2020 0:00:00
Combustibles y energía,Santa Cruz,231.49,1/1/2020 0:00:00
Combustibles y energía,Tierra del Fuego,82.208,1/1/2020 0:00:00
Combustibles y energía,Catamarca,0,1/1/2020 0:00:00
Combustibles y energía,Jujuy,0,1/1/2020 0:00:00
Combustibles y energía,La Rioja,0,1/1/2020 0:00:00
Combustibles y energía,Salta,19.106,1/1/2020 0:00:00
Combustibles y energía,Santiago del Estero,0,1/1/2020 0:00:00
Combustibles y energía,Tucumán,1.498,1/1/2020 0:00:00
Combustibles y energía,Mendoza,33.993,1/1/2020 0:00:00
Combustibles y energía,San Juan,0,1/1/2020 0:00:00
Combustibles y energía,San Luis,0,1/1/2020 0:00:00
Combustibles y energía,Chaco,0,1/1/2020 0:00:00
Combustibles y energía,Corrientes,373.938,1/1/2020 0:00:00
Combustibles y energía,Formosa,5.169,1/1/2020 0:00:00
Combustibles y energía,Misiones,0,1/1/2020 0:00:00